zone_name,zip_code,zone_description,shipping_cost,weight_margin,minimum_cost
Akkaraipattu,32400,Akkaraipattu,100,5,150
Ambagahawatta,90326,Ambagahawatta,100,5,150
Ampara,32000,Ampara,100,5,150
Bakmitiyawa,32024,Bakmitiyawa,100,5,150
Deegawapiya,32006,Deegawapiya,100,5,150
Devalahinda,32038,Devalahinda,100,5,150
Digamadulla Weeragoda,32008,Digamadulla Weeragoda,100,5,150
Dorakumbura,32104,Dorakumbura,100,5,150
Gonagolla,32064,Gonagolla,100,5,150
Hulannuge,32514,Hulannuge,100,5,150
Kalmunai,32300,Kalmunai,100,5,150
Kannakipuram,32405,Kannakipuram,100,5,150
Karativu,32250,Karativu,100,5,150
Kekirihena,32074,Kekirihena,100,5,150
Koknahara,32035,Koknahara,100,5,150
Kolamanthalawa,32102,Kolamanthalawa,100,5,150
Komari,32418,Komari,100,5,150
Lahugala,32512,Lahugala,100,5,150
Irakkamam,32450,Irakkamam,100,5,150
Mahaoya,32070,Mahaoya,100,5,150
Marathamune,32314,Marathamune,100,5,150
Namaloya,32037,Namaloya,100,5,150
Navithanveli,32308,Navithanveli,100,5,150
Nintavur,32340,Nintavur,100,5,150
Oluvil,32360,Oluvil,100,5,150
Padiyatalawa,32100,Padiyatalawa,100,5,150
Pahalalanda,32034,Pahalalanda,100,5,150
Panama,32508,Panama,100,5,150
Pannalagama,32022,Pannalagama,100,5,150
Paragahakele,32031,Paragahakele,100,5,150
Periyaneelavanai,32316,Periyaneelavanai,100,5,150
Polwaga Janapadaya,32032,Polwaga Janapadaya,100,5,150
Pottuvil,32500,Pottuvil,100,5,150
Sainthamaruthu,32280,Sainthamaruthu,100,5,150
Samanthurai,32200,Samanthurai,100,5,150
Serankada,32101,Serankada,100,5,150
Tempitiya,32072,Tempitiya,100,5,150
Thambiluvil,32415,Thambiluvil,100,5,150
Tirukovil,32420,Tirukovil,100,5,150
Uhana,32060,Uhana,100,5,150
Wadinagala,32039,Wadinagala,100,5,150
Wanagamuwa,32454,Wanagamuwa,100,5,150
Angamuwa,50248,Angamuwa,100,5,150
Anuradhapura,50000,Anuradhapura,100,5,150
Awukana,50169,Awukana,100,5,150
Bogahawewa,50566,Bogahawewa,100,5,150
Dematawewa,50356,Dematawewa,100,5,150
Dimbulagala,51031,Dimbulagala,100,5,150
Dutuwewa,50393,Dutuwewa,100,5,150
Elayapattuwa,50014,Elayapattuwa,100,5,150
Ellewewa,51034,Ellewewa,100,5,150
Eppawala,50260,Eppawala,100,5,150
Etawatunuwewa,50584,Etawatunuwewa,100,5,150
Etaweeragollewa,50518,Etaweeragollewa,100,5,150
Galapitagala,32066,Galapitagala,100,5,150
Galenbindunuwewa,50390,Galenbindunuwewa,100,5,150
Galkadawala,50006,Galkadawala,100,5,150
Galkiriyagama,50120,Galkiriyagama,100,5,150
Galkulama,50064,Galkulama,100,5,150
Galnewa,50170,Galnewa,100,5,150
Gambirigaswewa,50057,Gambirigaswewa,100,5,150
Ganewalpola,50142,Ganewalpola,100,5,150
Gemunupura,50224,Gemunupura,100,5,150
Getalawa,50392,Getalawa,100,5,150
Gnanikulama,50036,Gnanikulama,100,5,150
Gonahaddenawa,50554,Gonahaddenawa,100,5,150
Habarana,50150,Habarana,100,5,150
Halmillawa Dambulla,50124,Halmillawa Dambulla,100,5,150
Halmillawetiya,50552,Halmillawetiya,100,5,150
Hidogama,50044,Hidogama,100,5,150
Horawpatana,50350,Horawpatana,100,5,150
Horiwila,50222,Horiwila,100,5,150
Hurigaswewa,50176,Hurigaswewa,100,5,150
Hurulunikawewa,50394,Hurulunikawewa,100,5,150
Ihala Puliyankulama,61316,Ihala Puliyankulama,100,5,150
Kagama,50282,Kagama,100,5,150
Kahatagasdigiliya,50320,Kahatagasdigiliya,100,5,150
Kahatagollewa,50562,Kahatagollewa,100,5,150
Kalakarambewa,50288,Kalakarambewa,100,5,150
Kalaoya,50226,Kalaoya,100,5,150
Kalawedi Ulpotha,50556,Kalawedi Ulpotha,100,5,150
Kallanchiya,50454,Kallanchiya,100,5,150
Kalpitiya,61360,Kalpitiya,100,5,150
Kalukele Badanagala,51037,Kalukele Badanagala,100,5,150
Kapugallawa,50370,Kapugallawa,100,5,150
Karagahawewa,50232,Karagahawewa,100,5,150
Kashyapapura,51032,Kashyapapura,100,5,150
Kebithigollewa,50500,Kebithigollewa,100,5,150
Kekirawa,50100,Kekirawa,100,5,150
Kendewa,50452,Kendewa,100,5,150
Kiralogama,50259,Kiralogama,100,5,150
Kirigalwewa,50511,Kirigalwewa,100,5,150
Kirimundalama,61362,Kirimundalama,100,5,150
Kitulhitiyawa,50132,Kitulhitiyawa,100,5,150
Kurundankulama,50062,Kurundankulama,100,5,150
Labunoruwa,50088,Labunoruwa,100,5,150
Ihalagama,50304,Ihalagama,100,5,150
Ipologama,50280,Ipologama,100,5,150
Madatugama,50130,Madatugama,100,5,150
Maha Elagamuwa,50126,Maha Elagamuwa,100,5,150
Mahabulankulama,50196,Mahabulankulama,100,5,150
Mahailluppallama,50270,Mahailluppallama,100,5,150
Mahakanadarawa,50306,Mahakanadarawa,100,5,150
Mahapothana,50327,Mahapothana,100,5,150
Mahasenpura,50574,Mahasenpura,100,5,150
Mahawilachchiya,50022,Mahawilachchiya,100,5,150
Mailagaswewa,50384,Mailagaswewa,100,5,150
Malwanagama,50236,Malwanagama,100,5,150
Maneruwa,50182,Maneruwa,100,5,150
Maradankadawala,50080,Maradankadawala,100,5,150
Maradankalla,50308,Maradankalla,100,5,150
Medawachchiya,50500,Medawachchiya,100,5,150
Megodawewa,50334,Megodawewa,100,5,150
Mihintale,50300,Mihintale,100,5,150
Morakewa,50349,Morakewa,100,5,150
Mulkiriyawa,50324,Mulkiriyawa,100,5,150
Muriyakadawala,50344,Muriyakadawala,100,5,150
Colombo 15,1500,Colombo 15,100,5,150
Nachchaduwa,50046,Nachchaduwa,100,5,150
Namalpura,50339,Namalpura,100,5,150
Negampaha,50180,Negampaha,100,5,150
Nochchiyagama,50200,Nochchiyagama,100,5,150
Nuwaragala,51039,Nuwaragala,100,5,150
Padavi Maithripura,50572,Padavi Maithripura,100,5,150
Padavi Parakramapura,50582,Padavi Parakramapura,100,5,150
Padavi Sripura,50587,Padavi Sripura,100,5,150
Padavi Sritissapura,50588,Padavi Sritissapura,100,5,150
Padaviya,50570,Padaviya,100,5,150
Padikaramaduwa,50338,Padikaramaduwa,100,5,150
Pahala Halmillewa,50206,Pahala Halmillewa,100,5,150
Pahala Maragahawe,50220,Pahala Maragahawe,100,5,150
Pahalagama,50244,Pahalagama,100,5,150
Palugaswewa,50144,Palugaswewa,100,5,150
Pandukabayapura,50448,Pandukabayapura,100,5,150
Pandulagama,50029,Pandulagama,100,5,150
Parakumpura,50326,Parakumpura,100,5,150
Parangiyawadiya,50354,Parangiyawadiya,100,5,150
Parasangahawewa,50055,Parasangahawewa,100,5,150
Pelatiyawa,51033,Pelatiyawa,100,5,150
Pemaduwa,50020,Pemaduwa,100,5,150
Perimiyankulama,50004,Perimiyankulama,100,5,150
Pihimbiyagolewa,50512,Pihimbiyagolewa,100,5,150
Pubbogama,50122,Pubbogama,100,5,150
Punewa,50506,Punewa,100,5,150
Rajanganaya,50246,Rajanganaya,100,5,150
Rambewa,50450,Rambewa,100,5,150
Rampathwila,50386,Rampathwila,100,5,150
Rathmalgahawewa,50514,Rathmalgahawewa,100,5,150
Saliyapura,50008,Saliyapura,100,5,150
Seeppukulama,50380,Seeppukulama,100,5,150
Senapura,50284,Senapura,100,5,150
Sivalakulama,50068,Sivalakulama,100,5,150
Siyambalewa,50184,Siyambalewa,100,5,150
Sravasthipura,50042,Sravasthipura,100,5,150
Talawa,50230,Talawa,100,5,150
Tambuttegama,50240,Tambuttegama,100,5,150
Tammennawa,50104,Tammennawa,100,5,150
Tantirimale,50016,Tantirimale,100,5,150
Telhiriyawa,50242,Telhiriyawa,100,5,150
Tirappane,50072,Tirappane,100,5,150
Tittagonewa,50558,Tittagonewa,100,5,150
Udunuwara Colony,50207,Udunuwara Colony,100,5,150
Upuldeniya,50382,Upuldeniya,100,5,150
Uttimaduwa,50067,Uttimaduwa,100,5,150
Vellamanal,31053,Vellamanal,100,5,150
Viharapalugama,50012,Viharapalugama,100,5,150
Wahalkada,50564,Wahalkada,100,5,150
Wahamalgollewa,50492,Wahamalgollewa,100,5,150
Walagambahuwa,50086,Walagambahuwa,100,5,150
Walahaviddawewa,50516,Walahaviddawewa,100,5,150
Welimuwapotana,50358,Welimuwapotana,100,5,150
Welioya Project,50586,Welioya Project,100,5,150
Akkarasiyaya,90166,Akkarasiyaya,100,5,150
Aluketiyawa,90736,Aluketiyawa,100,5,150
Aluttaramma,90722,Aluttaramma,100,5,150
Ambadandegama,90108,Ambadandegama,100,5,150
Ambagasdowa,90300,Ambagasdowa,100,5,150
Arawa,90017,Arawa,100,5,150
Arawakumbura,90532,Arawakumbura,100,5,150
Arawatta,90712,Arawatta,100,5,150
Atakiriya,90542,Atakiriya,100,5,150
Badulla,90000,Badulla,100,5,150
Baduluoya,90019,Baduluoya,100,5,150
Ballaketuwa,90092,Ballaketuwa,100,5,150
Bambarapana,90322,Bambarapana,100,5,150
Bandarawela,90100,Bandarawela,100,5,150
Beramada,90066,Beramada,100,5,150
Bibilegama,90502,Bibilegama,100,5,150
Boragas,90362,Boragas,100,5,150
Boralanda,90170,Boralanda,100,5,150
Bowela,90302,Bowela,100,5,150
Central Camp,32050,Central Camp,100,5,150
Damanewela,32126,Damanewela,100,5,150
Dambana,90714,Dambana,100,5,150
Dehiattakandiya,32150,Dehiattakandiya,100,5,150
Demodara,90080,Demodara,100,5,150
Diganatenna,90132,Diganatenna,100,5,150
Dikkapitiya,90214,Dikkapitiya,100,5,150
Dimbulana,90324,Dimbulana,100,5,150
Divulapelessa,90726,Divulapelessa,100,5,150
Diyatalawa,90150,Diyatalawa,100,5,150
Dulgolla,90104,Dulgolla,100,5,150
Ekiriyankumbura,91502,Ekiriyankumbura,100,5,150
Ella,90090,Ella,100,5,150
Ettampitiya,90140,Ettampitiya,100,5,150
Galauda,90065,Galauda,100,5,150
Galporuyaya,90752,Galporuyaya,100,5,150
Gawarawela,90082,Gawarawela,100,5,150
Girandurukotte,90750,Girandurukotte,100,5,150
Godunna,90067,Godunna,100,5,150
Gurutalawa,90208,Gurutalawa,100,5,150
Haldummulla,90180,Haldummulla,100,5,150
Hali Ela,90060,Hali Ela,100,5,150
Hangunnawa,90224,Hangunnawa,100,5,150
Haputale,90160,Haputale,100,5,150
Hebarawa,90724,Hebarawa,100,5,150
Heeloya,90112,Heeloya,100,5,150
Helahalpe,90122,Helahalpe,100,5,150
Helapupula,90094,Helapupula,100,5,150
Hopton,90524,Hopton,100,5,150
Idalgashinna,96167,Idalgashinna,100,5,150
Kahataruppa,90052,Kahataruppa,100,5,150
Kalugahakandura,90546,Kalugahakandura,100,5,150
Kalupahana,90186,Kalupahana,100,5,150
Kebillawela,90102,Kebillawela,100,5,150
Kendagolla,90048,Kendagolla,100,5,150
Keselpotha,90738,Keselpotha,100,5,150
Ketawatta,90016,Ketawatta,100,5,150
Kiriwanagama,90184,Kiriwanagama,100,5,150
Koslanda,90190,Koslanda,100,5,150
Kuruwitenna,90728,Kuruwitenna,100,5,150
Kuttiyagolla,90046,Kuttiyagolla,100,5,150
Landewela,90068,Landewela,100,5,150
Liyangahawela,90106,Liyangahawela,100,5,150
Lunugala,90530,Lunugala,100,5,150
Lunuwatta,90310,Lunuwatta,100,5,150
Madulsima,90535,Madulsima,100,5,150
Mahiyanganaya,90700,Mahiyanganaya,100,5,150
Makulella,90114,Makulella,100,5,150
Malgoda,90754,Malgoda,100,5,150
Mapakadawewa,90730,Mapakadawewa,100,5,150
Maspanna,90328,Maspanna,100,5,150
Maussagolla,90582,Maussagolla,100,5,150
Mawanagama,32158,Mawanagama,100,5,150
Medawela Udukinda,90218,Medawela Udukinda,100,5,150
Meegahakiula,90015,Meegahakiula,100,5,150
Metigahatenna,90540,Metigahatenna,100,5,150
Mirahawatta,90134,Mirahawatta,100,5,150
Miriyabedda,90504,Miriyabedda,100,5,150
Nawamedagama,32120,Nawamedagama,100,5,150
Nelumgama,90042,Nelumgama,100,5,150
Nikapotha,90165,Nikapotha,100,5,150
Nugatalawa,90216,Nugatalawa,100,5,150
Ohiya,90168,Ohiya,100,5,150
Pahalarathkinda,90756,Pahalarathkinda,100,5,150
Pallekiruwa,90534,Pallekiruwa,100,5,150
Passara,90500,Passara,100,5,150
Pattiyagedara,90138,Pattiyagedara,100,5,150
Pelagahatenna,90522,Pelagahatenna,100,5,150
Perawella,90222,Perawella,100,5,150
Pitamaruwa,90544,Pitamaruwa,100,5,150
Pitapola,90171,Pitapola,100,5,150
Puhulpola,90212,Puhulpola,100,5,150
Rajagalatenna,32068,Rajagalatenna,100,5,150
Rathkarawwa,90164,Rathkarawwa,100,5,150
Ridimaliyadda,90704,Ridimaliyadda,100,5,150
Silmiyapura,90364,Silmiyapura,100,5,150
Sirimalgoda,90044,Sirimalgoda,100,5,150
Siripura,32155,Siripura,100,5,150
Sorabora Colony,90718,Sorabora Colony,100,5,150
Soragune,90183,Soragune,100,5,150
Soranathota,90008,Soranathota,100,5,150
Taldena,90014,Taldena,100,5,150
Timbirigaspitiya,90012,Timbirigaspitiya,100,5,150
Uduhawara,90226,Uduhawara,100,5,150
Uraniya,90702,Uraniya,100,5,150
Uva Karandagolla,90091,Uva Karandagolla,100,5,150
Uva Mawelagama,90192,Uva Mawelagama,100,5,150
Uva Tenna,90188,Uva Tenna,100,5,150
Uva Tissapura,90734,Uva Tissapura,100,5,150
Welimada,90200,Welimada,100,5,150
Weranketagoda,32062,Weranketagoda,100,5,150
Wewatta,90716,Wewatta,100,5,150
Wineethagama,90034,Wineethagama,100,5,150
Yalagamuwa,90329,Yalagamuwa,100,5,150
Yalwela,90706,Yalwela,100,5,150
Addalaichenai,32350,Addalaichenai,100,5,150
Ampilanthurai,30162,Ampilanthurai,100,5,150
Araipattai,30150,Araipattai,100,5,150
Ayithiyamalai,30362,Ayithiyamalai,100,5,150
Bakiella,30206,Bakiella,100,5,150
Batticaloa,30000,Batticaloa,100,5,150
Cheddipalayam,30194,Cheddipalayam,100,5,150
Chenkaladi,30350,Chenkaladi,100,5,150
Eravur,30300,Eravur,100,5,150
Kaluwanchikudi,30200,Kaluwanchikudi,100,5,150
Kaluwankemy,30372,Kaluwankemy,100,5,150
Kannankudah,30016,Kannankudah,100,5,150
Karadiyanaru,30354,Karadiyanaru,100,5,150
Kathiraveli,30456,Kathiraveli,100,5,150
Kattankudi,30100,Kattankudi,100,5,150
Kiran,30394,Kiran,100,5,150
Kirankulam,30159,Kirankulam,100,5,150
Koddaikallar,30249,Koddaikallar,100,5,150
Kokkaddicholai,30160,Kokkaddicholai,100,5,150
Kurukkalmadam,30192,Kurukkalmadam,100,5,150
Mandur,30220,Mandur,100,5,150
Miravodai,30426,Miravodai,100,5,150
Murakottanchanai,30392,Murakottanchanai,100,5,150
Navagirinagar,30238,Navagirinagar,100,5,150
Navatkadu,30018,Navatkadu,100,5,150
Oddamavadi,30420,Oddamavadi,100,5,150
Palamunai,32354,Palamunai,100,5,150
Pankudavely,30352,Pankudavely,100,5,150
Periyaporativu,30230,Periyaporativu,100,5,150
Periyapullumalai,30358,Periyapullumalai,100,5,150
Pillaiyaradi,30022,Pillaiyaradi,100,5,150
Punanai,30428,Punanai,100,5,150
Thannamunai,30024,Thannamunai,100,5,150
Thettativu,30196,Thettativu,100,5,150
Thikkodai,30236,Thikkodai,100,5,150
Thirupalugamam,30234,Thirupalugamam,100,5,150
Unnichchai,30364,Unnichchai,100,5,150
Vakaneri,30424,Vakaneri,100,5,150
Vakarai,30450,Vakarai,100,5,150
Valaichenai,30400,Valaichenai,100,5,150
Vantharumoolai,30376,Vantharumoolai,100,5,150
Vellavely,30204,Vellavely,100,5,150
Akarawita,10732,Akarawita,100,5,150
Ambalangoda,80300,Ambalangoda,100,5,150
Athurugiriya,10150,Athurugiriya,100,5,150
Avissawella,10700,Avissawella,100,5,150
Batawala,10513,Batawala,100,5,150
Battaramulla,10120,Battaramulla,100,5,150
Biyagama,11650,Biyagama,100,5,150
Bope,10522,Bope,100,5,150
Boralesgamuwa,10290,Boralesgamuwa,100,5,150
Colombo 8,800,Colombo 8,100,5,150
Dedigamuwa,10656,Dedigamuwa,100,5,150
Dehiwala,10350,Dehiwala,100,5,150
Deltara,10302,Deltara,100,5,150
Habarakada,10204,Habarakada,100,5,150
Hanwella,10650,Hanwella,100,5,150
Hiripitya,10232,Hiripitya,100,5,150
Hokandara,10118,Hokandara,100,5,150
Homagama,10200,Homagama,100,5,150
Horagala,10502,Horagala,100,5,150
Kaduwela,10640,Kaduwela,100,5,150
Kaluaggala,11224,Kaluaggala,100,5,150
Kapugoda,10662,Kapugoda,100,5,150
Kehelwatta,12550,Kehelwatta,100,5,150
Kiriwattuduwa,10208,Kiriwattuduwa,100,5,150
Kolonnawa,10600,Kolonnawa,100,5,150
Kosgama,10730,Kosgama,100,5,150
Madapatha,10306,Madapatha,100,5,150
Maharagama,10280,Maharagama,100,5,150
Malabe,10115,Malabe,100,5,150
Moratuwa,10400,Moratuwa,100,5,150
Mount Lavinia,10370,Mount Lavinia,100,5,150
Mullegama,10202,Mullegama,100,5,150
Napawela,10704,Napawela,100,5,150
Nugegoda,10250,Nugegoda,100,5,150
Padukka,10500,Padukka,100,5,150
Pannipitiya,10230,Pannipitiya,100,5,150
Piliyandala,10300,Piliyandala,100,5,150
Pitipana Homagama,10206,Pitipana Homagama,100,5,150
Polgasowita,10320,Polgasowita,100,5,150
Pugoda,10660,Pugoda,100,5,150
Ranala,10654,Ranala,100,5,150
Siddamulla,10304,Siddamulla,100,5,150
Siyambalagoda,81462,Siyambalagoda,100,5,150
Sri Jayawardenepura,10100,Sri Jayawardenepura,100,5,150
Talawatugoda,10116,Talawatugoda,100,5,150
Tummodara,10682,Tummodara,100,5,150
Waga,10680,Waga,100,5,150
Colombo 6,600,Colombo 6,100,5,150
Agaliya,80212,Agaliya,100,5,150
Ahangama,80650,Ahangama,100,5,150
Ahungalla,80562,Ahungalla,100,5,150
Akmeemana,80090,Akmeemana,100,5,150
Alawatugoda,20140,Alawatugoda,100,5,150
Aluthwala,80332,Aluthwala,100,5,150
Ampegama,80204,Ampegama,100,5,150
Amugoda,80422,Amugoda,100,5,150
Anangoda,80044,Anangoda,100,5,150
Angulugaha,80122,Angulugaha,100,5,150
Ankokkawala,80048,Ankokkawala,100,5,150
Aselapura,51072,Aselapura,100,5,150
Baddegama,80200,Baddegama,100,5,150
Balapitiya,80550,Balapitiya,100,5,150
Banagala,80143,Banagala,100,5,150
Batapola,80320,Batapola,100,5,150
Bentota,80500,Bentota,100,5,150
Boossa,80270,Boossa,100,5,150
Dellawa,81477,Dellawa,100,5,150
Dikkumbura,80654,Dikkumbura,100,5,150
Dodanduwa,80250,Dodanduwa,100,5,150
Ella Tanabaddegama,80402,Ella Tanabaddegama,100,5,150
Elpitiya,80400,Elpitiya,100,5,150
Galle,80000,Galle,100,5,150
Ginimellagaha,80220,Ginimellagaha,100,5,150
Gintota,80280,Gintota,100,5,150
Godahena,80302,Godahena,100,5,150
Gonamulla Junction,80054,Gonamulla Junction,100,5,150
Gonapinuwala,80230,Gonapinuwala,100,5,150
Habaraduwa,80630,Habaraduwa,100,5,150
Haburugala,80506,Haburugala,100,5,150
Hikkaduwa,80240,Hikkaduwa,100,5,150
Hiniduma,80080,Hiniduma,100,5,150
Hiyare,80056,Hiyare,100,5,150
Kahaduwa,80460,Kahaduwa,100,5,150
Kahawa,80312,Kahawa,100,5,150
Karagoda,80151,Karagoda,100,5,150
Karandeniya,80360,Karandeniya,100,5,150
Kosgoda,80570,Kosgoda,100,5,150
Kottawagama,80062,Kottawagama,100,5,150
Kottegoda,81180,Kottegoda,100,5,150
Kuleegoda,80328,Kuleegoda,100,5,150
Magedara,80152,Magedara,100,5,150
Mahawela Sinhapura,51076,Mahawela Sinhapura,100,5,150
Mapalagama,80112,Mapalagama,100,5,150
Mapalagama Central,80116,Mapalagama Central,100,5,150
Mattaka,80424,Mattaka,100,5,150
Meda-Keembiya,80092,Meda-Keembiya,100,5,150
Meetiyagoda,80330,Meetiyagoda,100,5,150
Nagoda,80110,Nagoda,100,5,150
Nakiyadeniya,80064,Nakiyadeniya,100,5,150
Nawandagala,80416,Nawandagala,100,5,150
Neluwa,80082,Neluwa,100,5,150
Nindana,80318,Nindana,100,5,150
Pahala Millawa,81472,Pahala Millawa,100,5,150
Panangala,80075,Panangala,100,5,150
Pannimulla Panagoda,80086,Pannimulla Panagoda,100,5,150
Parana Thanayamgoda,80114,Parana Thanayamgoda,100,5,150
Patana,22012,Patana,100,5,150
Pitigala,80420,Pitigala,100,5,150
Poddala,80170,Poddala,100,5,150
Polgampola,12136,Polgampola,100,5,150
Porawagama,80408,Porawagama,100,5,150
Rantotuwila,80354,Rantotuwila,100,5,150
Talagampola,80058,Talagampola,100,5,150
Talgaspe,80406,Talgaspe,100,5,150
Talpe,80615,Talpe,100,5,150
Tawalama,80148,Tawalama,100,5,150
Tiranagama,80244,Tiranagama,100,5,150
Udalamatta,80108,Udalamatta,100,5,150
Udugama,80070,Udugama,100,5,150
Uluvitike,80168,Uluvitike,100,5,150
Unawatuna,80600,Unawatuna,100,5,150
Unawitiya,80214,Unawitiya,100,5,150
Uragaha,80352,Uragaha,100,5,150
Uragasmanhandiya,80350,Uragasmanhandiya,100,5,150
Wakwella,80042,Wakwella,100,5,150
Walahanduwa,80046,Walahanduwa,100,5,150
Wanchawela,80120,Wanchawela,100,5,150
Wanduramba,80100,Wanduramba,100,5,150
Warukandeniya,80084,Warukandeniya,100,5,150
Watugedara,80340,Watugedara,100,5,150
Weihena,80216,Weihena,100,5,150
Welikanda,51070,Welikanda,100,5,150
Wilanagama,20142,Wilanagama,100,5,150
Yakkalamulla,80150,Yakkalamulla,100,5,150
Yatalamatta,80107,Yatalamatta,100,5,150
Akaragama,11536,Akaragama,100,5,150
Ambagaspitiya,11052,Ambagaspitiya,100,5,150
Ambepussa,11212,Ambepussa,100,5,150
Andiambalama,11558,Andiambalama,100,5,150
Attanagalla,11120,Attanagalla,100,5,150
Badalgama,11538,Badalgama,100,5,150
Banduragoda,11244,Banduragoda,100,5,150
Batuwatta,11011,Batuwatta,100,5,150
Bemmulla,11040,Bemmulla,100,5,150
Biyagama IPZ,11672,Biyagama IPZ,100,5,150
Bokalagama,11216,Bokalagama,100,5,150
Bollete (WP),11024,Bollete (WP),100,5,150
Bopagama,11134,Bopagama,100,5,150
Buthpitiya,11720,Buthpitiya,100,5,150
Dagonna,11524,Dagonna,100,5,150
Danowita,11896,Danowita,100,5,150
Debahera,11889,Debahera,100,5,150
Dekatana,11690,Dekatana,100,5,150
Delgoda,11700,Delgoda,100,5,150
Delwagura,11228,Delwagura,100,5,150
Demalagama,11692,Demalagama,100,5,150
Demanhandiya,11270,Demanhandiya,100,5,150
Dewalapola,11102,Dewalapola,100,5,150
Divulapitiya,11250,Divulapitiya,100,5,150
Divuldeniya,11208,Divuldeniya,100,5,150
Dompe,11680,Dompe,100,5,150
Dunagaha,11264,Dunagaha,100,5,150
Ekala,11380,Ekala,100,5,150
Ellakkala,11116,Ellakkala,100,5,150
Essella,11108,Essella,100,5,150
Galedanda,90206,Galedanda,100,5,150
Gampaha,11000,Gampaha,100,5,150
Ganemulla,11020,Ganemulla,100,5,150
Giriulla,60140,Giriulla,100,5,150
Gonawala,11630,Gonawala,100,5,150
Halpe,70145,Halpe,100,5,150
Hapugastenna,70164,Hapugastenna,100,5,150
Heiyanthuduwa,11618,Heiyanthuduwa,100,5,150
Hinatiyana Madawala,11568,Hinatiyana Madawala,100,5,150
Hiswella,11734,Hiswella,100,5,150
Horampella,11564,Horampella,100,5,150
Hunumulla,11262,Hunumulla,100,5,150
Hunupola,60582,Hunupola,100,5,150
Ihala Madampella,11265,Ihala Madampella,100,5,150
Imbulgoda,11856,Imbulgoda,100,5,150
Ja-Ela,11350,Ja-Ela,100,5,150
Kadawatha,11850,Kadawatha,100,5,150
Kahatowita,11144,Kahatowita,100,5,150
Kalagedihena,11875,Kalagedihena,100,5,150
Kaleliya,11160,Kaleliya,100,5,150
Kandana,11320,Kandana,100,5,150
Katana,11534,Katana,100,5,150
Katudeniya,21016,Katudeniya,100,5,150
Katunayake,11450,Katunayake,100,5,150
Katunayake Air Force Camp,11440,Katunayake Air Force Camp,100,5,150
Katunayake(FTZ),11420,Katunayake(FTZ),100,5,150
Katuwellegama,11526,Katuwellegama,100,5,150
Kelaniya,11600,Kelaniya,100,5,150
Kimbulapitiya,11522,Kimbulapitiya,100,5,150
Kirindiwela,11730,Kirindiwela,100,5,150
Kitalawalana,11206,Kitalawalana,100,5,150
Kochchikade,11540,Kochchikade,100,5,150
Kotadeniyawa,11232,Kotadeniyawa,100,5,150
Kotugoda,11390,Kotugoda,100,5,150
Kumbaloluwa,11105,Kumbaloluwa,100,5,150
Loluwagoda,11204,Loluwagoda,100,5,150
Mabodale,11114,Mabodale,100,5,150
Madelgamuwa,11033,Madelgamuwa,100,5,150
Makewita,11358,Makewita,100,5,150
Makola,11640,Makola,100,5,150
Malwana,11670,Malwana,100,5,150
Mandawala,11061,Mandawala,100,5,150
Marandagahamula,11260,Marandagahamula,100,5,150
Mellawagedara,11234,Mellawagedara,100,5,150
Minuwangoda,11550,Minuwangoda,100,5,150
Mirigama,11200,Mirigama,100,5,150
Miriswatta,80508,Miriswatta,100,5,150
Mithirigala,11742,Mithirigala,100,5,150
Muddaragama,11112,Muddaragama,100,5,150
Mudungoda,11056,Mudungoda,100,5,150
Mulleriyawa New Town,10620,Mulleriyawa New Town,100,5,150
Naranwala,11063,Naranwala,100,5,150
Nawana,11222,Nawana,100,5,150
Nedungamuwa,11066,Nedungamuwa,100,5,150
Negombo,11500,Negombo,100,5,150
Nikadalupotha,60580,Nikadalupotha,100,5,150
Nikahetikanda,11128,Nikahetikanda,100,5,150
Nittambuwa,11880,Nittambuwa,100,5,150
Niwandama,11354,Niwandama,100,5,150
Opatha,80142,Opatha,100,5,150
Pamunugama,11370,Pamunugama,100,5,150
Pamunuwatta,11214,Pamunuwatta,100,5,150
Panawala,70612,Panawala,100,5,150
Pasyala,11890,Pasyala,100,5,150
Peliyagoda,11830,Peliyagoda,100,5,150
Pepiliyawala,11741,Pepiliyawala,100,5,150
Pethiyagoda,11043,Pethiyagoda,100,5,150
Polpithimukulana,11324,Polpithimukulana,100,5,150
Puwakpitiya,10712,Puwakpitiya,100,5,150
Radawadunna,11892,Radawadunna,100,5,150
Radawana,11725,Radawana,100,5,150
Raddolugama,11400,Raddolugama,100,5,150
Ragama,11010,Ragama,100,5,150
Ruggahawila,11142,Ruggahawila,100,5,150
Seeduwa,11410,Seeduwa,100,5,150
Siyambalape,11607,Siyambalape,100,5,150
Talahena,11504,Talahena,100,5,150
Thambagalla,60584,Thambagalla,100,5,150
Thimbirigaskatuwa,11532,Thimbirigaskatuwa,100,5,150
Tittapattara,10664,Tittapattara,100,5,150
Udathuthiripitiya,11054,Udathuthiripitiya,100,5,150
Udugampola,11030,Udugampola,100,5,150
Uggalboda,11034,Uggalboda,100,5,150
Urapola,11126,Urapola,100,5,150
Uswetakeiyawa,11328,Uswetakeiyawa,100,5,150
Veyangoda,11100,Veyangoda,100,5,150
Walgammulla,11146,Walgammulla,100,5,150
Walpita,11226,Walpita,100,5,150
Walpola (WP),11012,Walpola (WP),100,5,150
Wathurugama,11724,Wathurugama,100,5,150
Watinapaha,11104,Watinapaha,100,5,150
Wattala,11104,Wattala,100,5,150
Weboda,11858,Weboda,100,5,150
Wegowwa,11562,Wegowwa,100,5,150
Weweldeniya,11894,Weweldeniya,100,5,150
Yakkala,11870,Yakkala,100,5,150
Yatiyana,11566,Yatiyana,100,5,150
Ambalantota,82100,Ambalantota,100,5,150
Angunakolapelessa,82220,Angunakolapelessa,100,5,150
Angunakolawewa,91302,Angunakolawewa,100,5,150
Bandagiriya Colony,82005,Bandagiriya Colony,100,5,150
Barawakumbuka,82110,Barawakumbuka,100,5,150
Beliatta,82400,Beliatta,100,5,150
Beragama,82102,Beragama,100,5,150
Beralihela,82618,Beralihela,100,5,150
Bundala,82002,Bundala,100,5,150
Ellagala,82619,Ellagala,100,5,150
Gangulandeniya,82586,Gangulandeniya,100,5,150
Getamanna,82420,Getamanna,100,5,150
Goda Koggalla,82401,Goda Koggalla,100,5,150
Gonagamuwa Uduwila,82602,Gonagamuwa Uduwila,100,5,150
Gonnoruwa,82006,Gonnoruwa,100,5,150
Hakuruwela,82248,Hakuruwela,100,5,150
Hambantota,82000,Hambantota,100,5,150
Handugala,81326,Handugala,100,5,150
Hungama,82120,Hungama,100,5,150
Ihala Beligalla,82412,Ihala Beligalla,100,5,150
Iththa Demaliya,82462,Iththa Demaliya,100,5,150
Julampitiya,82252,Julampitiya,100,5,150
Kahandamodara,82126,Kahandamodara,100,5,150
Kariyamaditta,82274,Kariyamaditta,100,5,150
Katuwana,82500,Katuwana,100,5,150
Kawantissapura,82622,Kawantissapura,100,5,150
Kirama,82550,Kirama,100,5,150
Kirinda,82614,Kirinda,100,5,150
Lunama,82108,Lunama,100,5,150
Lunugamwehera,82634,Lunugamwehera,100,5,150
Magama,82608,Magama,100,5,150
Mahagalwewa,82016,Mahagalwewa,100,5,150
Mamadala,82109,Mamadala,100,5,150
Medamulana,82254,Medamulana,100,5,150
Middeniya,82270,Middeniya,100,5,150
Meegahajandura,82014,Meegahajandura,100,5,150
Modarawana,82416,Modarawana,100,5,150
Mulkirigala,82242,Mulkirigala,100,5,150
Nakulugamuwa,82300,Nakulugamuwa,100,5,150
Netolpitiya,82135,Netolpitiya,100,5,150
Nihiluwa,82414,Nihiluwa,100,5,150
Padawkema,82636,Padawkema,100,5,150
Pahala Andarawewa,82008,Pahala Andarawewa,100,5,150
Rammalawarapitiya,82554,Rammalawarapitiya,100,5,150
Ranakeliya,82612,Ranakeliya,100,5,150
Ranmuduwewa,82018,Ranmuduwewa,100,5,150
Ranna,82125,Ranna,100,5,150
Ratmalwala,82276,Ratmalwala,100,5,150
Ruhunu Ridiyagama,82106,Ruhunu Ridiyagama,100,5,150
Sooriyawewa Town,82010,Sooriyawewa Town,100,5,150
Tangalla,82200,Tangalla,100,5,150
Tissamaharama,82600,Tissamaharama,100,5,150
Uda Gomadiya,82504,Uda Gomadiya,100,5,150
Udamattala,82638,Udamattala,100,5,150
Uswewa,82278,Uswewa,100,5,150
Vitharandeniya,82232,Vitharandeniya,100,5,150
Walasmulla,82450,Walasmulla,100,5,150
Weeraketiya,82240,Weeraketiya,100,5,150
Weerawila,82632,Weerawila,100,5,150
Weerawila NewTown,82615,Weerawila NewTown,100,5,150
Wekandawela,82246,Wekandawela,100,5,150
Weligatta,82004,Weligatta,100,5,150
Yatigala,82418,Yatigala,100,5,150
Jaffna,40000,Jaffna,100,5,150
Agalawatta,12200,Agalawatta,100,5,150
Alubomulla,12524,Alubomulla,100,5,150
Anguruwatota,12320,Anguruwatota,100,5,150
Atale,71363,Atale,100,5,150
Baduraliya,12230,Baduraliya,100,5,150
Bandaragama,12530,Bandaragama,100,5,150
Batugampola,10526,Batugampola,100,5,150
Bellana,12224,Bellana,100,5,150
Beruwala,12070,Beruwala,100,5,150
Bolossagama,12008,Bolossagama,100,5,150
Bombuwala,12024,Bombuwala,100,5,150
Boralugoda,12142,Boralugoda,100,5,150
Bulathsinhala,12300,Bulathsinhala,100,5,150
Danawala Thiniyawala,12148,Danawala Thiniyawala,100,5,150
Delmella,12304,Delmella,100,5,150
Dharga Town,12090,Dharga Town,100,5,150
Diwalakada,12308,Diwalakada,100,5,150
Dodangoda,12020,Dodangoda,100,5,150
Dombagoda,12416,Dombagoda,100,5,150
Ethkandura,80458,Ethkandura,100,5,150
Galpatha,12005,Galpatha,100,5,150
Gamagoda,12016,Gamagoda,100,5,150
Gonagalpura,80502,Gonagalpura,100,5,150
Gonapola Junction,12410,Gonapola Junction,100,5,150
Govinna,12310,Govinna,100,5,150
Gurulubadda,12236,Gurulubadda,100,5,150
Halkandawila,12055,Halkandawila,100,5,150
Haltota,12538,Haltota,100,5,150
Halvitigala Colony,80146,Halvitigala Colony,100,5,150
Halwala,12118,Halwala,100,5,150
Halwatura,12306,Halwatura,100,5,150
Handapangoda,10524,Handapangoda,100,5,150
Hedigalla Colony,12234,Hedigalla Colony,100,5,150
Henegama,11715,Henegama,100,5,150
Hettimulla,71210,Hettimulla,100,5,150
Horana,12400,Horana,100,5,150
Ittapana,12116,Ittapana,100,5,150
Kahawala,10508,Kahawala,100,5,150
Kalawila Kiranthidiya,12078,Kalawila Kiranthidiya,100,5,150
Kalutara,12000,Kalutara,100,5,150
Kananwila,12418,Kananwila,100,5,150
Kandanagama,12428,Kandanagama,100,5,150
Kelinkanda,12218,Kelinkanda,100,5,150
Kitulgoda,12222,Kitulgoda,100,5,150
Koholana,12007,Koholana,100,5,150
Kuda Uduwa,12426,Kuda Uduwa,100,5,150
Labbala,60162,Labbala,100,5,150
Ihalahewessa,80432,Ihalahewessa,100,5,150
Induruwa,80510,Induruwa,100,5,150
Ingiriya,12440,Ingiriya,100,5,150
Maggona,12060,Maggona,100,5,150
Mahagama,12210,Mahagama,100,5,150
Mahakalupahana,12126,Mahakalupahana,100,5,150
Maharangalla,71211,Maharangalla,100,5,150
Malgalla Talangalla,80144,Malgalla Talangalla,100,5,150
Matugama,12100,Matugama,100,5,150
Meegahatenna,12130,Meegahatenna,100,5,150
Meegama,12094,Meegama,100,5,150
Meegoda,10504,Meegoda,100,5,150
Millaniya,12412,Millaniya,100,5,150
Millewa,12422,Millewa,100,5,150
Miwanapalana,12424,Miwanapalana,100,5,150
Molkawa,12216,Molkawa,100,5,150
Morapitiya,12232,Morapitiya,100,5,150
Morontuduwa,12564,Morontuduwa,100,5,150
Nawattuduwa,12106,Nawattuduwa,100,5,150
Neboda,12030,Neboda,100,5,150
Padagoda,12074,Padagoda,100,5,150
Pahalahewessa,12144,Pahalahewessa,100,5,150
Paiyagala,12050,Paiyagala,100,5,150
Panadura,12500,Panadura,100,5,150
Pannala,60160,Pannala,100,5,150
Paragastota,12414,Paragastota,100,5,150
Paragoda,12302,Paragoda,100,5,150
Paraigama,12122,Paraigama,100,5,150
Pelanda,12214,Pelanda,100,5,150
Pelawatta,12138,Pelawatta,100,5,150
Pimbura,70472,Pimbura,100,5,150
Pitagaldeniya,71360,Pitagaldeniya,100,5,150
Pokunuwita,12404,Pokunuwita,100,5,150
Poruwedanda,12432,Poruwedanda,100,5,150
Ratmale,81030,Ratmale,100,5,150
Remunagoda,12009,Remunagoda,100,5,150
Talgaswela,80470,Talgaswela,100,5,150
Tebuwana,12025,Tebuwana,100,5,150
Uduwara,12322,Uduwara,100,5,150
Utumgama,12127,Utumgama,100,5,150
Veyangalla,12204,Veyangalla,100,5,150
Wadduwa,12560,Wadduwa,100,5,150
Walagedara,12112,Walagedara,100,5,150
Walallawita,12134,Walallawita,100,5,150
Waskaduwa,12580,Waskaduwa,100,5,150
Welipenna,12108,Welipenna,100,5,150
Weliveriya,11710,Weliveriya,100,5,150
Welmilla Junction,12534,Welmilla Junction,100,5,150
Weragala,71622,Weragala,100,5,150
Yagirala,12124,Yagirala,100,5,150
Yatadolawatta,12104,Yatadolawatta,100,5,150
Yatawara Junction,12006,Yatawara Junction,100,5,150
Aludeniya,20062,Aludeniya,100,5,150
Ambagahapelessa,20986,Ambagahapelessa,100,5,150
Ambagamuwa Udabulathgama,20678,Ambagamuwa Udabulathgama,100,5,150
Ambatenna,20136,Ambatenna,100,5,150
Ampitiya,20160,Ampitiya,100,5,150
Ankumbura,20150,Ankumbura,100,5,150
Atabage,20574,Atabage,100,5,150
Balana,20308,Balana,100,5,150
Bambaragahaela,20644,Bambaragahaela,100,5,150
Batagolladeniya,20154,Batagolladeniya,100,5,150
Batugoda,20132,Batugoda,100,5,150
Batumulla,20966,Batumulla,100,5,150
Bawlana,20218,Bawlana,100,5,150
Bopana,20932,Bopana,100,5,150
Danture,20465,Danture,100,5,150
Dedunupitiya,20068,Dedunupitiya,100,5,150
Dekinda,20658,Dekinda,100,5,150
Deltota,20430,Deltota,100,5,150
Divulankadawala,51428,Divulankadawala,100,5,150
Dolapihilla,20126,Dolapihilla,100,5,150
Dolosbage,20510,Dolosbage,100,5,150
Dunuwila,20824,Dunuwila,100,5,150
Etulgama,20202,Etulgama,100,5,150
Galaboda,20664,Galaboda,100,5,150
Galagedara,20100,Galagedara,100,5,150
Galaha,20420,Galaha,100,5,150
Galhinna,20152,Galhinna,100,5,150
Gampola,20500,Gampola,100,5,150
Gelioya,20620,Gelioya,100,5,150
Godamunna,20214,Godamunna,100,5,150
Gomagoda,20184,Gomagoda,100,5,150
Gonagantenna,20712,Gonagantenna,100,5,150
Gonawalapatana,20656,Gonawalapatana,100,5,150
Gunnepana,20270,Gunnepana,100,5,150
Gurudeniya,20189,Gurudeniya,100,5,150
Hakmana,81300,Hakmana,100,5,150
Handaganawa,20984,Handaganawa,100,5,150
Handawalapitiya,20438,Handawalapitiya,100,5,150
Handessa,20480,Handessa,100,5,150
Hanguranketha,20710,Hanguranketha,100,5,150
Harangalagama,20669,Harangalagama,100,5,150
Hataraliyadda,20060,Hataraliyadda,100,5,150
Hindagala,20414,Hindagala,100,5,150
Hondiyadeniya,20524,Hondiyadeniya,100,5,150
Hunnasgiriya,20948,Hunnasgiriya,100,5,150
Inguruwatta,60064,Inguruwatta,100,5,150
Jambugahapitiya,20822,Jambugahapitiya,100,5,150
Kadugannawa,20300,Kadugannawa,100,5,150
Kahataliyadda,20924,Kahataliyadda,100,5,150
Kalugala,20926,Kalugala,100,5,150
Kandy,20000,Kandy,100,5,150
Kapuliyadde,20206,Kapuliyadde,100,5,150
Katugastota,20800,Katugastota,100,5,150
Katukitula,20588,Katukitula,100,5,150
Kelanigama,20688,Kelanigama,100,5,150
Kengalla,20186,Kengalla,100,5,150
Ketaboola,20660,Ketaboola,100,5,150
Ketakumbura,20306,Ketakumbura,100,5,150
Kobonila,20928,Kobonila,100,5,150
Kolabissa,20212,Kolabissa,100,5,150
Kolongoda,20971,Kolongoda,100,5,150
Kulugammana,20048,Kulugammana,100,5,150
Kumbukkandura,20902,Kumbukkandura,100,5,150
Kumburegama,20086,Kumburegama,100,5,150
Kundasale,20168,Kundasale,100,5,150
Leemagahakotuwa,20482,Leemagahakotuwa,100,5,150
Ihala Kobbekaduwa,20042,Ihala Kobbekaduwa,100,5,150
Lunugama,11062,Lunugama,100,5,150
Lunuketiya Maditta,20172,Lunuketiya Maditta,100,5,150
Madawala Bazaar,20260,Madawala Bazaar,100,5,150
Madawalalanda,32016,Madawalalanda,100,5,150
Madugalla,20938,Madugalla,100,5,150
Madulkele,20840,Madulkele,100,5,150
Mahadoraliyadda,20945,Mahadoraliyadda,100,5,150
Mahamedagama,20216,Mahamedagama,100,5,150
Mahanagapura,32018,Mahanagapura,100,5,150
Mailapitiya,20702,Mailapitiya,100,5,150
Makkanigama,20828,Makkanigama,100,5,150
Makuldeniya,20921,Makuldeniya,100,5,150
Mangalagama,32069,Mangalagama,100,5,150
Mapakanda,20662,Mapakanda,100,5,150
Marassana,20210,Marassana,100,5,150
Marymount Colony,20714,Marymount Colony,100,5,150
Mawatura,20564,Mawatura,100,5,150
Medamahanuwara,20940,Medamahanuwara,100,5,150
Medawala Harispattuwa,20120,Medawala Harispattuwa,100,5,150
Meetalawa,20512,Meetalawa,100,5,150
Megoda Kalugamuwa,20409,Megoda Kalugamuwa,100,5,150
Menikdiwela,20470,Menikdiwela,100,5,150
Menikhinna,20170,Menikhinna,100,5,150
Mimure,20923,Mimure,100,5,150
Minigamuwa,20109,Minigamuwa,100,5,150
Minipe,20983,Minipe,100,5,150
Moragahapallama,32012,Moragahapallama,100,5,150
Murutalawa,20232,Murutalawa,100,5,150
Muruthagahamulla,20526,Muruthagahamulla,100,5,150
Nanuoya,22150,Nanuoya,100,5,150
Naranpanawa,20176,Naranpanawa,100,5,150
Narawelpita,81302,Narawelpita,100,5,150
Nawalapitiya,20650,Nawalapitiya,100,5,150
Nawathispane,20670,Nawathispane,100,5,150
Nillambe,20418,Nillambe,100,5,150
Nugaliyadda,20204,Nugaliyadda,100,5,150
Ovilikanda,21020,Ovilikanda,100,5,150
Pallekotuwa,20084,Pallekotuwa,100,5,150
Panwilatenna,20544,Panwilatenna,100,5,150
Paradeka,20578,Paradeka,100,5,150
Pasbage,20654,Pasbage,100,5,150
Pattitalawa,20511,Pattitalawa,100,5,150
Peradeniya,20400,Peradeniya,100,5,150
Pilimatalawa,20450,Pilimatalawa,100,5,150
Poholiyadda,20106,Poholiyadda,100,5,150
Pubbiliya,21502,Pubbiliya,100,5,150
Pupuressa,20546,Pupuressa,100,5,150
Pussellawa,20580,Pussellawa,100,5,150
Putuhapuwa,20906,Putuhapuwa,100,5,150
Rajawella,20180,Rajawella,100,5,150
Rambukpitiya,20676,Rambukpitiya,100,5,150
Rambukwella,20128,Rambukwella,100,5,150
Rangala,20922,Rangala,100,5,150
Rantembe,20990,Rantembe,100,5,150
Sangarajapura,20044,Sangarajapura,100,5,150
Senarathwela,20904,Senarathwela,100,5,150
Talatuoya,20200,Talatuoya,100,5,150
Teldeniya,20900,Teldeniya,100,5,150
Tennekumbura,20166,Tennekumbura,100,5,150
Uda Peradeniya,20404,Uda Peradeniya,100,5,150
Udahentenna,20506,Udahentenna,100,5,150
Udatalawinna,20802,Udatalawinna,100,5,150
Udispattuwa,20916,Udispattuwa,100,5,150
Ududumbara,20950,Ududumbara,100,5,150
Uduwahinna,20934,Uduwahinna,100,5,150
Uduwela,20164,Uduwela,100,5,150
Ulapane,20562,Ulapane,100,5,150
Unuwinna,20708,Unuwinna,100,5,150
Velamboda,20640,Velamboda,100,5,150
Watagoda,22110,Watagoda,100,5,150
Watagoda Harispattuwa,20134,Watagoda Harispattuwa,100,5,150
Wattappola,20454,Wattappola,100,5,150
Weligampola,20666,Weligampola,100,5,150
Wendaruwa,20914,Wendaruwa,100,5,150
Weragantota,20982,Weragantota,100,5,150
Werapitya,20908,Werapitya,100,5,150
Werellagama,20080,Werellagama,100,5,150
Wettawa,20108,Wettawa,100,5,150
Yahalatenna,20234,Yahalatenna,100,5,150
Yatihalagala,20034,Yatihalagala,100,5,150
Alawala,11122,Alawala,100,5,150
Alawatura,71204,Alawatura,100,5,150
Alawwa,60280,Alawwa,100,5,150
Algama,71607,Algama,100,5,150
Alutnuwara,71508,Alutnuwara,100,5,150
Ambalakanda,71546,Ambalakanda,100,5,150
Ambulugala,71503,Ambulugala,100,5,150
Amitirigala,71320,Amitirigala,100,5,150
Ampagala,71232,Ampagala,100,5,150
Anhandiya,60074,Anhandiya,100,5,150
Anhettigama,71403,Anhettigama,100,5,150
Aranayaka,71540,Aranayaka,100,5,150
Aruggammana,71041,Aruggammana,100,5,150
Batuwita,71321,Batuwita,100,5,150
Beligala(Sab),71044,Beligala(Sab),100,5,150
Belihuloya,70140,Belihuloya,100,5,150
Berannawa,71706,Berannawa,100,5,150
Bopitiya,60155,Bopitiya,100,5,150
Bopitiya (SAB),71612,Bopitiya (SAB),100,5,150
Boralankada,71418,Boralankada,100,5,150
Bossella,71208,Bossella,100,5,150
Bulathkohupitiya,71230,Bulathkohupitiya,100,5,150
Damunupola,71034,Damunupola,100,5,150
Debathgama,71037,Debathgama,100,5,150
Dedugala,71237,Dedugala,100,5,150
Deewala Pallegama,71022,Deewala Pallegama,100,5,150
Dehiowita,71400,Dehiowita,100,5,150
Deldeniya,71009,Deldeniya,100,5,150
Deloluwa,71401,Deloluwa,100,5,150
Deraniyagala,71430,Deraniyagala,100,5,150
Dewalegama,71050,Dewalegama,100,5,150
Dewanagala,71527,Dewanagala,100,5,150
Dombemada,71115,Dombemada,100,5,150
Dorawaka,71601,Dorawaka,100,5,150
Dunumala,71605,Dunumala,100,5,150
Galapitamada,71603,Galapitamada,100,5,150
Galatara,71505,Galatara,100,5,150
Galigamuwa Town,71350,Galigamuwa Town,100,5,150
Gallella,70062,Gallella,100,5,150
Galpatha(Sab),71312,Galpatha(Sab),100,5,150
Gantuna,71222,Gantuna,100,5,150
Getahetta,70620,Getahetta,100,5,150
Godagampola,70556,Godagampola,100,5,150
Gonagala,71318,Gonagala,100,5,150
Hakahinna,71352,Hakahinna,100,5,150
Hakbellawaka,71715,Hakbellawaka,100,5,150
Halloluwa,20032,Halloluwa,100,5,150
Hedunuwewa,22024,Hedunuwewa,100,5,150
Hemmatagama,71530,Hemmatagama,100,5,150
Hewadiwela,71108,Hewadiwela,100,5,150
Hingula,71520,Hingula,100,5,150
Hinguralakanda,71417,Hinguralakanda,100,5,150
Hingurana,32010,Hingurana,100,5,150
Hiriwadunna,71014,Hiriwadunna,100,5,150
Ihala Walpola,80134,Ihala Walpola,100,5,150
Ihalagama,70144,Ihalagama,100,5,150
Imbulana,71313,Imbulana,100,5,150
Imbulgasdeniya,71055,Imbulgasdeniya,100,5,150
Kabagamuwa,71202,Kabagamuwa,100,5,150
Kahapathwala,60062,Kahapathwala,100,5,150
Kandaketya,90020,Kandaketya,100,5,150
Kannattota,71372,Kannattota,100,5,150
Karagahinna,21014,Karagahinna,100,5,150
Kegalle,71000,Kegalle,100,5,150
Kehelpannala,71533,Kehelpannala,100,5,150
Ketawala Leula,20198,Ketawala Leula,100,5,150
Kitulgala,71720,Kitulgala,100,5,150
Kondeniya,71501,Kondeniya,100,5,150
Kotiyakumbura,71370,Kotiyakumbura,100,5,150
Lewangama,71315,Lewangama,100,5,150
Mahabage,71722,Mahabage,100,5,150
Makehelwala,71507,Makehelwala,100,5,150
Malalpola,71704,Malalpola,100,5,150
Maldeniya,22021,Maldeniya,100,5,150
Maliboda,71411,Maliboda,100,5,150
Maliyadda,90022,Maliyadda,100,5,150
Malmaduwa,71325,Malmaduwa,100,5,150
Marapana,70041,Marapana,100,5,150
Mawanella,71500,Mawanella,100,5,150
Meetanwala,60066,Meetanwala,100,5,150
Migastenna Sabara,71716,Migastenna Sabara,100,5,150
Miyanawita,71432,Miyanawita,100,5,150
Molagoda,71016,Molagoda,100,5,150
Morontota,71220,Morontota,100,5,150
Narangala,90064,Narangala,100,5,150
Narangoda,60152,Narangoda,100,5,150
Nattarampotha,20194,Nattarampotha,100,5,150
Nelundeniya,71060,Nelundeniya,100,5,150
Niyadurupola,71602,Niyadurupola,100,5,150
Noori,71407,Noori,100,5,150
Pannila,12114,Pannila,100,5,150
Pattampitiya,71130,Pattampitiya,100,5,150
Pilawala,20196,Pilawala,100,5,150
Pothukoladeniya,71039,Pothukoladeniya,100,5,150
Puswelitenna,60072,Puswelitenna,100,5,150
Rambukkana,71100,Rambukkana,100,5,150
Rilpola,90026,Rilpola,100,5,150
Rukmale,11129,Rukmale,100,5,150
Ruwanwella,71300,Ruwanwella,100,5,150
Samanalawewa,70142,Samanalawewa,100,5,150
Seaforth Colony,71708,Seaforth Colony,100,5,150
Colombo 2,200,Colombo 2,100,5,150
Spring Valley,90028,Spring Valley,100,5,150
Talgaspitiya,71541,Talgaspitiya,100,5,150
Teligama,71724,Teligama,100,5,150
Tholangamuwa,71619,Tholangamuwa,100,5,150
Thotawella,71106,Thotawella,100,5,150
Udaha Hawupe,70154,Udaha Hawupe,100,5,150
Udapotha,71236,Udapotha,100,5,150
Uduwa,20052,Uduwa,100,5,150
Undugoda,71200,Undugoda,100,5,150
Ussapitiya,71510,Ussapitiya,100,5,150
Wahakula,71303,Wahakula,100,5,150
Waharaka,71304,Waharaka,100,5,150
Wanaluwewa,11068,Wanaluwewa,100,5,150
Warakapola,71600,Warakapola,100,5,150
Watura,71035,Watura,100,5,150
Weeoya,71702,Weeoya,100,5,150
Wegalla,71234,Wegalla,100,5,150
Weligalla,20610,Weligalla,100,5,150
Welihelatenna,71712,Welihelatenna,100,5,150
Wewelwatta,70066,Wewelwatta,100,5,150
Yatagama,71116,Yatagama,100,5,150
Yatapana,71326,Yatapana,100,5,150
Yatiyantota,71700,Yatiyantota,100,5,150
Yattogoda,71029,Yattogoda,100,5,150
Kandavalai,42508,Kandavalai,100,5,150
Karachchi,NULL,Karachchi,100,5,150
Kilinochchi,42400,Kilinochchi,100,5,150
Pachchilaipalli,42550,Pachchilaipalli,100,5,150
Poonakary,42600,Poonakary,100,5,150
Akurana,20850,Akurana,100,5,150
Alahengama,60416,Alahengama,100,5,150
Alahitiyawa,60182,Alahitiyawa,100,5,150
Ambakote,60036,Ambakote,100,5,150
Ambanpola,60650,Ambanpola,100,5,150
Andiyagala,50112,Andiyagala,100,5,150
Anukkane,60214,Anukkane,100,5,150
Aragoda,60308,Aragoda,100,5,150
Ataragalla,60706,Ataragalla,100,5,150
Awulegama,60462,Awulegama,100,5,150
Balalla,60604,Balalla,100,5,150
Bamunukotuwa,60347,Bamunukotuwa,100,5,150
Bandara Koswatta,60424,Bandara Koswatta,100,5,150
Bingiriya,60450,Bingiriya,100,5,150
Bogamulla,60107,Bogamulla,100,5,150
Boraluwewa,60437,Boraluwewa,100,5,150
Boyagane,60027,Boyagane,100,5,150
Bujjomuwa,60291,Bujjomuwa,100,5,150
Buluwala,60076,Buluwala,100,5,150
Dadayamtalawa,32046,Dadayamtalawa,100,5,150
Dambadeniya,60130,Dambadeniya,100,5,150
Daraluwa,60174,Daraluwa,100,5,150
Deegalla,60228,Deegalla,100,5,150
Demataluwa,60024,Demataluwa,100,5,150
Demuwatha,70332,Demuwatha,100,5,150
Diddeniya,60544,Diddeniya,100,5,150
Digannewa,60485,Digannewa,100,5,150
Divullegoda,60472,Divullegoda,100,5,150
Diyasenpura,51504,Diyasenpura,100,5,150
Dodangaslanda,60530,Dodangaslanda,100,5,150
Doluwa,20532,Doluwa,100,5,150
Doragamuwa,20816,Doragamuwa,100,5,150
Doratiyawa,60013,Doratiyawa,100,5,150
Dunumadalawa,50214,Dunumadalawa,100,5,150
Dunuwilapitiya,21538,Dunuwilapitiya,100,5,150
Ehetuwewa,60716,Ehetuwewa,100,5,150
Elibichchiya,60156,Elibichchiya,100,5,150
Embogama,60718,Embogama,100,5,150
Etungahakotuwa,60266,Etungahakotuwa,100,5,150
Galadivulwewa,50210,Galadivulwewa,100,5,150
Galgamuwa,60700,Galgamuwa,100,5,150
Gallellagama,20095,Gallellagama,100,5,150
Gallewa,60712,Gallewa,100,5,150
Ganegoda,80440,Ganegoda,100,5,150
Girathalana,60752,Girathalana,100,5,150
Gokaralla,60522,Gokaralla,100,5,150
Gonawila,60170,Gonawila,100,5,150
Halmillawewa,60441,Halmillawewa,100,5,150
Handungamuwa,21536,Handungamuwa,100,5,150
Harankahawa,20092,Harankahawa,100,5,150
Helamada,71046,Helamada,100,5,150
Hengamuwa,60414,Hengamuwa,100,5,150
Hettipola,60430,Hettipola,100,5,150
Hewainna,10714,Hewainna,100,5,150
Hilogama,60486,Hilogama,100,5,150
Hindagolla,60034,Hindagolla,100,5,150
Hiriyala Lenawa,60546,Hiriyala Lenawa,100,5,150
Hiruwalpola,60458,Hiruwalpola,100,5,150
Horambawa,60181,Horambawa,100,5,150
Hulogedara,60474,Hulogedara,100,5,150
Hulugalla,60477,Hulugalla,100,5,150
Ihala Gomugomuwa,60211,Ihala Gomugomuwa,100,5,150
Ihala Katugampala,60135,Ihala Katugampala,100,5,150
Indulgodakanda,60016,Indulgodakanda,100,5,150
Ithanawatta,60025,Ithanawatta,100,5,150
Kadigawa,60492,Kadigawa,100,5,150
Kalankuttiya,50174,Kalankuttiya,100,5,150
Kalatuwawa,10718,Kalatuwawa,100,5,150
Kalugamuwa,60096,Kalugamuwa,100,5,150
Kanadeniyawala,60054,Kanadeniyawala,100,5,150
Kanattewewa,60422,Kanattewewa,100,5,150
Kandegedara,90070,Kandegedara,100,5,150
Karagahagedara,60106,Karagahagedara,100,5,150
Karambe,60602,Karambe,100,5,150
Katiyawa,50261,Katiyawa,100,5,150
Katupota,60350,Katupota,100,5,150
Kawudulla,51414,Kawudulla,100,5,150
Kawuduluwewa Stagell,51514,Kawuduluwewa Stagell,100,5,150
Kekunagolla,60183,Kekunagolla,100,5,150
Keppitiwalana,60288,Keppitiwalana,100,5,150
Kimbulwanaoya,60548,Kimbulwanaoya,100,5,150
Kirimetiyawa,60184,Kirimetiyawa,100,5,150
Kirindawa,60212,Kirindawa,100,5,150
Kirindigalla,60502,Kirindigalla,100,5,150
Kithalawa,60188,Kithalawa,100,5,150
Kitulwala,11242,Kitulwala,100,5,150
Kobeigane,60410,Kobeigane,100,5,150
Kohilagedara,60028,Kohilagedara,100,5,150
Konwewa,60630,Konwewa,100,5,150
Kosdeniya,60356,Kosdeniya,100,5,150
Kosgolla,60029,Kosgolla,100,5,150
Kotagala,22080,Kotagala,100,5,150
Colombo 13,1300,Colombo 13,100,5,150
Kotawehera,60483,Kotawehera,100,5,150
Kudagalgamuwa,60003,Kudagalgamuwa,100,5,150
Kudakatnoruwa,60754,Kudakatnoruwa,100,5,150
Kuliyapitiya,60200,Kuliyapitiya,100,5,150
Kumaragama,51412,Kumaragama,100,5,150
Kumbukgeta,60508,Kumbukgeta,100,5,150
Kumbukwewa,60506,Kumbukwewa,100,5,150
Kuratihena,60438,Kuratihena,100,5,150
Kurunegala,60000,Kurunegala,100,5,150
Ibbagamuwa,60500,Ibbagamuwa,100,5,150
Ihala Kadigamuwa,60238,Ihala Kadigamuwa,100,5,150
Lihiriyagama,61138,Lihiriyagama,100,5,150
Illagolla,20724,Illagolla,100,5,150
Ilukhena,60232,Ilukhena,100,5,150
Lonahettiya,60108,Lonahettiya,100,5,150
Madahapola,60552,Madahapola,100,5,150
Madakumburumulla,60209,Madakumburumulla,100,5,150
Madalagama,70158,Madalagama,100,5,150
Madawala Ulpotha,21074,Madawala Ulpotha,100,5,150
Maduragoda,60532,Maduragoda,100,5,150
Maeliya,60512,Maeliya,100,5,150
Magulagama,60221,Magulagama,100,5,150
Maha Ambagaswewa,51518,Maha Ambagaswewa,100,5,150
Mahagalkadawala,60731,Mahagalkadawala,100,5,150
Mahagirilla,60479,Mahagirilla,100,5,150
Mahamukalanyaya,60516,Mahamukalanyaya,100,5,150
Mahananneriya,60724,Mahananneriya,100,5,150
Mahapallegama,71063,Mahapallegama,100,5,150
Maharachchimulla,60286,Maharachchimulla,100,5,150
Mahatalakolawewa,51506,Mahatalakolawewa,100,5,150
Mahawewa,61220,Mahawewa,100,5,150
Maho,60600,Maho,100,5,150
Makulewa,60714,Makulewa,100,5,150
Makulpotha,60514,Makulpotha,100,5,150
Makulwewa,60578,Makulwewa,100,5,150
Malagane,60404,Malagane,100,5,150
Mandapola,60434,Mandapola,100,5,150
Maspotha,60344,Maspotha,100,5,150
Mawathagama,60060,Mawathagama,100,5,150
Medirigiriya,51500,Medirigiriya,100,5,150
Medivawa,60612,Medivawa,100,5,150
Meegalawa,60750,Meegalawa,100,5,150
Meegaswewa,51508,Meegaswewa,100,5,150
Meewellawa,60484,Meewellawa,100,5,150
Melsiripura,60540,Melsiripura,100,5,150
Metikumbura,60304,Metikumbura,100,5,150
Metiyagane,60121,Metiyagane,100,5,150
Minhettiya,60004,Minhettiya,100,5,150
Minuwangete,60406,Minuwangete,100,5,150
Mirihanagama,60408,Mirihanagama,100,5,150
Monnekulama,60495,Monnekulama,100,5,150
Moragane,60354,Moragane,100,5,150
Moragollagama,60640,Moragollagama,100,5,150
Morathiha,60038,Morathiha,100,5,150
Munamaldeniya,60218,Munamaldeniya,100,5,150
Muruthenge,60122,Muruthenge,100,5,150
Mutugala,51064,Mutugala,100,5,150
Nabadewa,60482,Nabadewa,100,5,150
Nagollagama,60590,Nagollagama,100,5,150
Nagollagoda,60226,Nagollagoda,100,5,150
Nakkawatta,60186,Nakkawatta,100,5,150
Narammala,60100,Narammala,100,5,150
Nawasenapura,51066,Nawasenapura,100,5,150
Nawatalwatta,60292,Nawatalwatta,100,5,150
Nelliya,60549,Nelliya,100,5,150
Nikaweratiya,60470,Nikaweratiya,100,5,150
Nugagolla,21534,Nugagolla,100,5,150
Nugawela,20072,Nugawela,100,5,150
Padeniya,60461,Padeniya,100,5,150
Padiwela,60236,Padiwela,100,5,150
Pahalagiribawa,60735,Pahalagiribawa,100,5,150
Pahamune,60112,Pahamune,100,5,150
Palagala,50111,Palagala,100,5,150
Palapathwela,21070,Palapathwela,100,5,150
Palaviya,61280,Palaviya,100,5,150
Pallewela,11150,Pallewela,100,5,150
Palukadawala,60704,Palukadawala,100,5,150
Panadaragama,60348,Panadaragama,100,5,150
Panagamuwa,60052,Panagamuwa,100,5,150
Panaliya,60312,Panaliya,100,5,150
Panapitiya,70152,Panapitiya,100,5,150
Panliyadda,60558,Panliyadda,100,5,150
Pansiyagama,60554,Pansiyagama,100,5,150
Parape,71105,Parape,100,5,150
Pathanewatta,90071,Pathanewatta,100,5,150
Pattiya Watta,20118,Pattiya Watta,100,5,150
Perakanatta,21532,Perakanatta,100,5,150
Periyakadneluwa,60518,Periyakadneluwa,100,5,150
Pihimbiya Ratmale,60439,Pihimbiya Ratmale,100,5,150
Pihimbuwa,60053,Pihimbuwa,100,5,150
Pilessa,60058,Pilessa,100,5,150
Polgahawela,60300,Polgahawela,100,5,150
Polgolla,20250,Polgolla,100,5,150
Polpithigama,60620,Polpithigama,100,5,150
Pothuhera,60330,Pothuhera,100,5,150
Pothupitiya,70338,Pothupitiya,100,5,150
Pujapitiya,20112,Pujapitiya,100,5,150
Rakwana,70300,Rakwana,100,5,150
Ranorawa,50212,Ranorawa,100,5,150
Rathukohodigala,20818,Rathukohodigala,100,5,150
Ridibendiella,60606,Ridibendiella,100,5,150
Ridigama,60040,Ridigama,100,5,150
Saliya Asokapura,60736,Saliya Asokapura,100,5,150
Sandalankawa,60176,Sandalankawa,100,5,150
Sevanapitiya,51062,Sevanapitiya,100,5,150
Sirambiadiya,61312,Sirambiadiya,100,5,150
Sirisetagama,60478,Sirisetagama,100,5,150
Siyambalangamuwa,60646,Siyambalangamuwa,100,5,150
Siyambalawewa,32048,Siyambalawewa,100,5,150
Solepura,60737,Solepura,100,5,150
Solewewa,60738,Solewewa,100,5,150
Sunandapura,60436,Sunandapura,100,5,150
Talawattegedara,60306,Talawattegedara,100,5,150
Tambutta,60734,Tambutta,100,5,150
Tennepanguwa,90072,Tennepanguwa,100,5,150
Thalahitimulla,60208,Thalahitimulla,100,5,150
Thalakolawewa,60624,Thalakolawewa,100,5,150
Thalwita,60572,Thalwita,100,5,150
Tharana Udawela,60227,Tharana Udawela,100,5,150
Thimbiriyawa,60476,Thimbiriyawa,100,5,150
Tisogama,60453,Tisogama,100,5,150
Thorayaya,60499,Thorayaya,100,5,150
Tulhiriya,71610,Tulhiriya,100,5,150
Tuntota,71062,Tuntota,100,5,150
Tuttiripitigama,60426,Tuttiripitigama,100,5,150
Udagaldeniya,71113,Udagaldeniya,100,5,150
Udahingulwala,20094,Udahingulwala,100,5,150
Udawatta,20722,Udawatta,100,5,150
Udubaddawa,60250,Udubaddawa,100,5,150
Udumulla,71521,Udumulla,100,5,150
Uhumiya,60094,Uhumiya,100,5,150
Ulpotha Pallekele,60622,Ulpotha Pallekele,100,5,150
Ulpothagama,20965,Ulpothagama,100,5,150
Usgala Siyabmalangamuwa,60732,Usgala Siyabmalangamuwa,100,5,150
Vijithapura,50110,Vijithapura,100,5,150
Wadakada,60318,Wadakada,100,5,150
Wadumunnegedara,60204,Wadumunnegedara,100,5,150
Walakumburumulla,60198,Walakumburumulla,100,5,150
Wannigama,60465,Wannigama,100,5,150
Wannikudawewa,60721,Wannikudawewa,100,5,150
Wannilhalagama,60722,Wannilhalagama,100,5,150
Wannirasnayakapura,60490,Wannirasnayakapura,100,5,150
Warawewa,60739,Warawewa,100,5,150
Wariyapola,60400,Wariyapola,100,5,150
Watareka,10511,Watareka,100,5,150
Wattegama,20810,Wattegama,100,5,150
Watuwatta,60262,Watuwatta,100,5,150
Weerapokuna,60454,Weerapokuna,100,5,150
Welawa Juncton,60464,Welawa Juncton,100,5,150
Welipennagahamulla,60240,Welipennagahamulla,100,5,150
Wellagala,60402,Wellagala,100,5,150
Wellarawa,60456,Wellarawa,100,5,150
Wellawa,60570,Wellawa,100,5,150
Welpalla,60206,Welpalla,100,5,150
Wennoruwa,60284,Wennoruwa,100,5,150
Weuda,60080,Weuda,100,5,150
Wewagama,60195,Wewagama,100,5,150
Wilgamuwa,21530,Wilgamuwa,100,5,150
Yakwila,60202,Yakwila,100,5,150
Yatigaloluwa,60314,Yatigaloluwa,100,5,150
Mannar,41000,Mannar,100,5,150
Puthukudiyiruppu,30158,Puthukudiyiruppu,100,5,150
Akuramboda,21142,Akuramboda,100,5,150
Alawatuwala,60047,Alawatuwala,100,5,150
Alwatta,21004,Alwatta,100,5,150
Ambana,21504,Ambana,100,5,150
Aralaganwila,51100,Aralaganwila,100,5,150
Ataragallewa,21512,Ataragallewa,100,5,150
Bambaragaswewa,21212,Bambaragaswewa,100,5,150
Barawardhana Oya,20967,Barawardhana Oya,100,5,150
Beligamuwa,21214,Beligamuwa,100,5,150
Damana,32014,Damana,100,5,150
Dambulla,21100,Dambulla,100,5,150
Damminna,51106,Damminna,100,5,150
Dankanda,21032,Dankanda,100,5,150
Delwite,60044,Delwite,100,5,150
Devagiriya,21552,Devagiriya,100,5,150
Dewahuwa,21206,Dewahuwa,100,5,150
Divuldamana,51104,Divuldamana,100,5,150
Dullewa,21054,Dullewa,100,5,150
Dunkolawatta,21046,Dunkolawatta,100,5,150
Elkaduwa,21012,Elkaduwa,100,5,150
Erawula Junction,21108,Erawula Junction,100,5,150
Etanawala,21402,Etanawala,100,5,150
Galewela,21200,Galewela,100,5,150
Galoya Junction,51375,Galoya Junction,100,5,150
Gammaduwa,21068,Gammaduwa,100,5,150
Gangala Puwakpitiya,21404,Gangala Puwakpitiya,100,5,150
Hasalaka,20960,Hasalaka,100,5,150
Hattota Amuna,21514,Hattota Amuna,100,5,150
Imbulgolla,21064,Imbulgolla,100,5,150
Inamaluwa,21124,Inamaluwa,100,5,150
Iriyagolla,60045,Iriyagolla,100,5,150
Kaikawala,21066,Kaikawala,100,5,150
Kalundawa,21112,Kalundawa,100,5,150
Kandalama,21106,Kandalama,100,5,150
Kavudupelella,21072,Kavudupelella,100,5,150
Kibissa,21122,Kibissa,100,5,150
Kiwula,21042,Kiwula,100,5,150
Kongahawela,21500,Kongahawela,100,5,150
Laggala Pallegama,21520,Laggala Pallegama,100,5,150
Leliambe,21008,Leliambe,100,5,150
Lenadora,21094,Lenadora,100,5,150
Ihala Halmillewa,50262,Ihala Halmillewa,100,5,150
Illukkumbura,21406,Illukkumbura,100,5,150
Madipola,51108,Madipola,100,5,150
Mahawela,21140,Mahawela,100,5,150
Mananwatta,21144,Mananwatta,100,5,150
Maraka,21554,Maraka,100,5,150
Matale,21000,Matale,100,5,150
Melipitiya,21055,Melipitiya,100,5,150
Metihakka,21062,Metihakka,100,5,150
Millawana,21154,Millawana,100,5,150
Muwandeniya,21044,Muwandeniya,100,5,150
Nalanda,21082,Nalanda,100,5,150
Naula,21090,Naula,100,5,150
Opalgala,21076,Opalgala,100,5,150
Pallepola,21152,Pallepola,100,5,150
Pimburattewa,51102,Pimburattewa,100,5,150
Pulastigama,51050,Pulastigama,100,5,150
Ranamuregama,21524,Ranamuregama,100,5,150
Rattota,21400,Rattota,100,5,150
Selagama,21058,Selagama,100,5,150
Sigiriya,21120,Sigiriya,100,5,150
Sinhagama,51378,Sinhagama,100,5,150
Sungavila,51052,Sungavila,100,5,150
Talagoda Junction,21506,Talagoda Junction,100,5,150
Talakiriyagama,21116,Talakiriyagama,100,5,150
Tamankaduwa,51089,Tamankaduwa,100,5,150
Udasgiriya,21051,Udasgiriya,100,5,150
Udatenna,21006,Udatenna,100,5,150
Ukuwela,21300,Ukuwela,100,5,150
Wahacotte,21160,Wahacotte,100,5,150
Walawela,21048,Walawela,100,5,150
Wehigala,21009,Wehigala,100,5,150
Welangahawatte,21408,Welangahawatte,100,5,150
Wewalawewa,21114,Wewalawewa,100,5,150
Yatawatta,21056,Yatawatta,100,5,150
Akuressa,81400,Akuressa,100,5,150
Alapaladeniya,81475,Alapaladeniya,100,5,150
Aparekka,81032,Aparekka,100,5,150
Athuraliya,81402,Athuraliya,100,5,150
Bengamuwa,81614,Bengamuwa,100,5,150
Bopagoda,81412,Bopagoda,100,5,150
Dampahala,81612,Dampahala,100,5,150
Deegala Lenama,81452,Deegala Lenama,100,5,150
Deiyandara,81320,Deiyandara,100,5,150
Denagama,81314,Denagama,100,5,150
Denipitiya,81730,Denipitiya,100,5,150
Deniyaya,81500,Deniyaya,100,5,150
Derangala,81454,Derangala,100,5,150
Devinuwara (Dondra),81160,Devinuwara (Dondra),100,5,150
Dikwella,81200,Dikwella,100,5,150
Diyagaha,81038,Diyagaha,100,5,150
Diyalape,81422,Diyalape,100,5,150
Gandara,81170,Gandara,100,5,150
Godapitiya,81408,Godapitiya,100,5,150
Gomilamawarala,81072,Gomilamawarala,100,5,150
Hawpe,80132,Hawpe,100,5,150
Horapawita,81108,Horapawita,100,5,150
Kalubowitiyana,81478,Kalubowitiyana,100,5,150
Kamburugamuwa,81750,Kamburugamuwa,100,5,150
Kamburupitiya,81100,Kamburupitiya,100,5,150
Karagoda Uyangoda,81082,Karagoda Uyangoda,100,5,150
Karaputugala,81106,Karaputugala,100,5,150
Karatota,81318,Karatota,100,5,150
Kekanadura,81020,Kekanadura,100,5,150
Kiriweldola,81514,Kiriweldola,100,5,150
Kiriwelkele,81456,Kiriwelkele,100,5,150
Kolawenigama,81522,Kolawenigama,100,5,150
Kotapola,81480,Kotapola,100,5,150
Lankagama,81526,Lankagama,100,5,150
Makandura,81070,Makandura,100,5,150
Maliduwa,81424,Maliduwa,100,5,150
Maramba,81416,Maramba,100,5,150
Matara,81000,Matara,100,5,150
Mediripitiya,81524,Mediripitiya,100,5,150
Miella,81312,Miella,100,5,150
Mirissa,81740,Mirissa,100,5,150
Morawaka,81470,Morawaka,100,5,150
Mulatiyana Junction,81071,Mulatiyana Junction,100,5,150
Nadugala,81092,Nadugala,100,5,150
Naimana,81017,Naimana,100,5,150
Palatuwa,81050,Palatuwa,100,5,150
Parapamulla,81322,Parapamulla,100,5,150
Pasgoda,81615,Pasgoda,100,5,150
Penetiyana,81722,Penetiyana,100,5,150
Pitabeddara,81450,Pitabeddara,100,5,150
Puhulwella,81290,Puhulwella,100,5,150
Radawela,81316,Radawela,100,5,150
Ransegoda,81064,Ransegoda,100,5,150
Rotumba,81074,Rotumba,100,5,150
Sultanagoda,81051,Sultanagoda,100,5,150
Telijjawila,81060,Telijjawila,100,5,150
Thihagoda,81280,Thihagoda,100,5,150
Urubokka,81600,Urubokka,100,5,150
Urugamuwa,81230,Urugamuwa,100,5,150
Urumutta,81414,Urumutta,100,5,150
Viharahena,81508,Viharahena,100,5,150
Walakanda,81294,Walakanda,100,5,150
Walasgala,81220,Walasgala,100,5,150
Waralla,81479,Waralla,100,5,150
Weligama,81700,Weligama,100,5,150
Wilpita,81404,Wilpita,100,5,150
Yatiyana,81034,Yatiyana,100,5,150
Ayiwela,91516,Ayiwela,100,5,150
Badalkumbura,91070,Badalkumbura,100,5,150
Baduluwela,91058,Baduluwela,100,5,150
Bakinigahawela,91554,Bakinigahawela,100,5,150
Balaharuwa,91295,Balaharuwa,100,5,150
Bibile,91500,Bibile,100,5,150
Buddama,91038,Buddama,100,5,150
Buttala,91100,Buttala,100,5,150
Dambagalla,91050,Dambagalla,100,5,150
Diyakobala,91514,Diyakobala,100,5,150
Dombagahawela,91010,Dombagahawela,100,5,150
Ethimalewewa,91020,Ethimalewewa,100,5,150
Ettiliwewa,91250,Ettiliwewa,100,5,150
Galabedda,91008,Galabedda,100,5,150
Gamewela,90512,Gamewela,100,5,150
Hambegamuwa,91308,Hambegamuwa,100,5,150
Hingurukaduwa,90508,Hingurukaduwa,100,5,150
Hulandawa,91004,Hulandawa,100,5,150
Inginiyagala,91040,Inginiyagala,100,5,150
Kandaudapanguwa,91032,Kandaudapanguwa,100,5,150
Kandawinna,91552,Kandawinna,100,5,150
Kataragama,91400,Kataragama,100,5,150
Kotagama,91512,Kotagama,100,5,150
Kotamuduna,90506,Kotamuduna,100,5,150
Kotawehera Mankada,91312,Kotawehera Mankada,100,5,150
Kudawewa,61226,Kudawewa,100,5,150
Kumbukkana,91098,Kumbukkana,100,5,150
Marawa,91006,Marawa,100,5,150
Mariarawa,91052,Mariarawa,100,5,150
Medagana,91550,Medagana,100,5,150
Medawelagama,90518,Medawelagama,100,5,150
Miyanakandura,90584,Miyanakandura,100,5,150
Monaragala,91000,Monaragala,100,5,150
Moretuwegama,91108,Moretuwegama,100,5,150
Nakkala,91003,Nakkala,100,5,150
Namunukula,90580,Namunukula,100,5,150
Nannapurawa,91519,Nannapurawa,100,5,150
Nelliyadda,91042,Nelliyadda,100,5,150
Nilgala,91508,Nilgala,100,5,150
Obbegoda,91007,Obbegoda,100,5,150
Okkampitiya,91060,Okkampitiya,100,5,150
Pangura,91002,Pangura,100,5,150
Pitakumbura,91505,Pitakumbura,100,5,150
Randeniya,91204,Randeniya,100,5,150
Ruwalwela,91056,Ruwalwela,100,5,150
Sella Kataragama,91405,Sella Kataragama,100,5,150
Siyambalagune,91202,Siyambalagune,100,5,150
Siyambalanduwa,91030,Siyambalanduwa,100,5,150
Suriara,91306,Suriara,100,5,150
Thanamalwila,91300,Thanamalwila,100,5,150
Uva Gangodagama,91054,Uva Gangodagama,100,5,150
Uva Kudaoya,91298,Uva Kudaoya,100,5,150
Uva Pelwatta,91112,Uva Pelwatta,100,5,150
Warunagama,91198,Warunagama,100,5,150
Wedikumbura,91005,Wedikumbura,100,5,150
Weherayaya Handapanagala,91206,Weherayaya Handapanagala,100,5,150
Wellawaya,91200,Wellawaya,100,5,150
Wilaoya,91022,Wilaoya,100,5,150
Yudaganawa,51424,Yudaganawa,100,5,150
Mullativu,42000,Mullativu,100,5,150
Agarapathana,22094,Agarapathana,100,5,150
Ambatalawa,20686,Ambatalawa,100,5,150
Ambewela,22216,Ambewela,100,5,150
Bogawantalawa,22060,Bogawantalawa,100,5,150
Bopattalawa,22095,Bopattalawa,100,5,150
Dagampitiya,20684,Dagampitiya,100,5,150
Dayagama Bazaar,22096,Dayagama Bazaar,100,5,150
Dikoya,22050,Dikoya,100,5,150
Doragala,20567,Doragala,100,5,150
Dunukedeniya,22002,Dunukedeniya,100,5,150
Egodawela,90013,Egodawela,100,5,150
Ekiriya,20732,Ekiriya,100,5,150
Elamulla,20742,Elamulla,100,5,150
Ginigathena,20680,Ginigathena,100,5,150
Gonakele,22226,Gonakele,100,5,150
Haggala,22208,Haggala,100,5,150
Halgranoya,22240,Halgranoya,100,5,150
Hangarapitiya,22044,Hangarapitiya,100,5,150
Hapugasthalawa,20668,Hapugasthalawa,100,5,150
Harasbedda,22262,Harasbedda,100,5,150
Hatton,22000,Hatton,100,5,150
Hewaheta,20440,Hewaheta,100,5,150
Hitigegama,22046,Hitigegama,100,5,150
Jangulla,90063,Jangulla,100,5,150
Kalaganwatta,22282,Kalaganwatta,100,5,150
Kandapola,22220,Kandapola,100,5,150
Karandagolla,20738,Karandagolla,100,5,150
Keerthi Bandarapura,22274,Keerthi Bandarapura,100,5,150
Kiribathkumbura,20442,Kiribathkumbura,100,5,150
Kotiyagala,91024,Kotiyagala,100,5,150
Kotmale,20560,Kotmale,100,5,150
Kottellena,22040,Kottellena,100,5,150
Kumbalgamuwa,22272,Kumbalgamuwa,100,5,150
Kumbukwela,22246,Kumbukwela,100,5,150
Kurupanawela,22252,Kurupanawela,100,5,150
Labukele,20592,Labukele,100,5,150
Laxapana,22034,Laxapana,100,5,150
Lindula,22090,Lindula,100,5,150
Madulla,22256,Madulla,100,5,150
Mandaram Nuwara,20744,Mandaram Nuwara,100,5,150
Maskeliya,22070,Maskeliya,100,5,150
Maswela,20566,Maswela,100,5,150
Maturata,20748,Maturata,100,5,150
Mipanawa,22254,Mipanawa,100,5,150
Mipilimana,22214,Mipilimana,100,5,150
Morahenagama,22036,Morahenagama,100,5,150
Munwatta,20752,Munwatta,100,5,150
Nayapana Janapadaya,20568,Nayapana Janapadaya,100,5,150
Nildandahinna,22280,Nildandahinna,100,5,150
Nissanka Uyana,22075,Nissanka Uyana,100,5,150
Norwood,22058,Norwood,100,5,150
Nuwara Eliya,22200,Nuwara Eliya,100,5,150
Padiyapelella,20750,Padiyapelella,100,5,150
Pallebowala,20734,Pallebowala,100,5,150
Panvila,20830,Panvila,100,5,150
Pitawala,20682,Pitawala,100,5,150
Pundaluoya,22120,Pundaluoya,100,5,150
Ramboda,20590,Ramboda,100,5,150
Rikillagaskada,20730,Rikillagaskada,100,5,150
Rozella,22008,Rozella,100,5,150
Rupaha,22245,Rupaha,100,5,150
Ruwaneliya,22212,Ruwaneliya,100,5,150
Santhipura,22202,Santhipura,100,5,150
Talawakele,22100,Talawakele,100,5,150
Tawalantenna,20838,Tawalantenna,100,5,150
Teripeha,22287,Teripeha,100,5,150
Udamadura,22285,Udamadura,100,5,150
Udapussallawa,22250,Udapussallawa,100,5,150
Uva Deegalla,90062,Uva Deegalla,100,5,150
Uva Uduwara,90061,Uva Uduwara,100,5,150
Uvaparanagama,90230,Uvaparanagama,100,5,150
Walapane,22270,Walapane,100,5,150
Watawala,22010,Watawala,100,5,150
Widulipura,22032,Widulipura,100,5,150
Wijebahukanda,22018,Wijebahukanda,100,5,150
Attanakadawala,51235,Attanakadawala,100,5,150
Bakamuna,51250,Bakamuna,100,5,150
Diyabeduma,51225,Diyabeduma,100,5,150
Elahera,51258,Elahera,100,5,150
Giritale,51026,Giritale,100,5,150
Hingurakdamana,51408,Hingurakdamana,100,5,150
Hingurakgoda,51400,Hingurakgoda,100,5,150
Jayanthipura,51024,Jayanthipura,100,5,150
Kalingaela,51002,Kalingaela,100,5,150
Lakshauyana,51006,Lakshauyana,100,5,150
Mankemi,30442,Mankemi,100,5,150
Minneriya,51410,Minneriya,100,5,150
Onegama,51004,Onegama,100,5,150
Orubendi Siyambalawa,51256,Orubendi Siyambalawa,100,5,150
Palugasdamana,51046,Palugasdamana,100,5,150
Panichankemi,30444,Panichankemi,100,5,150
Polonnaruwa,51000,Polonnaruwa,100,5,150
Talpotha,51044,Talpotha,100,5,150
Tambala,51049,Tambala,100,5,150
Unagalavehera,51008,Unagalavehera,100,5,150
Wijayabapura,51042,Wijayabapura,100,5,150
Adippala,61012,Adippala,100,5,150
Alutgama,12080,Alutgama,100,5,150
Alutwewa,51014,Alutwewa,100,5,150
Ambakandawila,61024,Ambakandawila,100,5,150
Anamaduwa,61500,Anamaduwa,100,5,150
Andigama,61508,Andigama,100,5,150
Angunawila,61264,Angunawila,100,5,150
Attawilluwa,61328,Attawilluwa,100,5,150
Bangadeniya,61238,Bangadeniya,100,5,150
Baranankattuwa,61262,Baranankattuwa,100,5,150
Battuluoya,61246,Battuluoya,100,5,150
Bujjampola,61136,Bujjampola,100,5,150
Chilaw,61000,Chilaw,100,5,150
Dalukana,51092,Dalukana,100,5,150
Dankotuwa,61130,Dankotuwa,100,5,150
Dewagala,51094,Dewagala,100,5,150
Dummalasuriya,60260,Dummalasuriya,100,5,150
Dunkannawa,61192,Dunkannawa,100,5,150
Eluwankulama,61308,Eluwankulama,100,5,150
Ettale,61343,Ettale,100,5,150
Galamuna,51416,Galamuna,100,5,150
Galmuruwa,61233,Galmuruwa,100,5,150
Hansayapalama,51098,Hansayapalama,100,5,150
Ihala Kottaramulla,61154,Ihala Kottaramulla,100,5,150
Ilippadeniya,61018,Ilippadeniya,100,5,150
Inginimitiya,61514,Inginimitiya,100,5,150
Ismailpuram,61302,Ismailpuram,100,5,150
Jayasiripura,51246,Jayasiripura,100,5,150
Kakkapalliya,61236,Kakkapalliya,100,5,150
Kalkudah,30410,Kalkudah,100,5,150
Kalladiya,61534,Kalladiya,100,5,150
Kandakuliya,61358,Kandakuliya,100,5,150
Karathivu,61307,Karathivu,100,5,150
Karawitagara,61022,Karawitagara,100,5,150
Karuwalagaswewa,61314,Karuwalagaswewa,100,5,150
Katuneriya,61180,Katuneriya,100,5,150
Koswatta,61158,Koswatta,100,5,150
Kottantivu,61252,Kottantivu,100,5,150
Kottapitiya,51244,Kottapitiya,100,5,150
Kottukachchiya,61532,Kottukachchiya,100,5,150
Kumarakattuwa,61032,Kumarakattuwa,100,5,150
Kurinjanpitiya,61356,Kurinjanpitiya,100,5,150
Kuruketiyawa,61516,Kuruketiyawa,100,5,150
Lunuwila,61150,Lunuwila,100,5,150
Madampe,61230,Madampe,100,5,150
Madurankuliya,61270,Madurankuliya,100,5,150
Mahakumbukkadawala,61272,Mahakumbukkadawala,100,5,150
Mahauswewa,61512,Mahauswewa,100,5,150
Mampitiya,51090,Mampitiya,100,5,150
Mampuri,61341,Mampuri,100,5,150
Mangalaeliya,61266,Mangalaeliya,100,5,150
Marawila,61210,Marawila,100,5,150
Mudalakkuliya,61506,Mudalakkuliya,100,5,150
Mugunuwatawana,61014,Mugunuwatawana,100,5,150
Mukkutoduwawa,61274,Mukkutoduwawa,100,5,150
Mundel,61250,Mundel,100,5,150
Muttibendiwila,61195,Muttibendiwila,100,5,150
Nainamadama,61120,Nainamadama,100,5,150
Nalladarankattuwa,61244,Nalladarankattuwa,100,5,150
Nattandiya,61190,Nattandiya,100,5,150
Nawagattegama,61520,Nawagattegama,100,5,150
Nelumwewa,51096,Nelumwewa,100,5,150
Norachcholai,61342,Norachcholai,100,5,150
Pallama,61040,Pallama,100,5,150
Palliwasalturai,61354,Palliwasalturai,100,5,150
Panirendawa,61234,Panirendawa,100,5,150
Parakramasamudraya,51016,Parakramasamudraya,100,5,150
Pothuwatawana,61162,Pothuwatawana,100,5,150
Puttalam,61300,Puttalam,100,5,150
Puttalam Cement Factory,61326,Puttalam Cement Factory,100,5,150
Rajakadaluwa,61242,Rajakadaluwa,100,5,150
Saliyawewa Junction,61324,Saliyawewa Junction,100,5,150
Serukele,61042,Serukele,100,5,150
Siyambalagashene,61504,Siyambalagashene,100,5,150
Tabbowa,61322,Tabbowa,100,5,150
Talawila Church,61344,Talawila Church,100,5,150
Toduwawa,61224,Toduwawa,100,5,150
Udappuwa,61004,Udappuwa,100,5,150
Uridyawa,61502,Uridyawa,100,5,150
Vanathawilluwa,61306,Vanathawilluwa,100,5,150
Waikkal,61110,Waikkal,100,5,150
Watugahamulla,61198,Watugahamulla,100,5,150
Wennappuwa,61170,Wennappuwa,100,5,150
Wijeyakatupotha,61006,Wijeyakatupotha,100,5,150
Wilpotha,61008,Wilpotha,100,5,150
Yodaela,51422,Yodaela,100,5,150
Yogiyana,61144,Yogiyana,100,5,150
Akarella,70082,Akarella,100,5,150
Amunumulla,90204,Amunumulla,100,5,150
Atakalanpanna,70294,Atakalanpanna,100,5,150
Ayagama,70024,Ayagama,100,5,150
Balangoda,70100,Balangoda,100,5,150
Batatota,70504,Batatota,100,5,150
Beralapanathara,81541,Beralapanathara,100,5,150
Bogahakumbura,90354,Bogahakumbura,100,5,150
Bolthumbe,70131,Bolthumbe,100,5,150
Bomluwageaina,70344,Bomluwageaina,100,5,150
Bowalagama,82458,Bowalagama,100,5,150
Bulutota,70346,Bulutota,100,5,150
Dambuluwana,70019,Dambuluwana,100,5,150
Daugala,70455,Daugala,100,5,150
Dela,70042,Dela,100,5,150
Delwala,70046,Delwala,100,5,150
Dodampe,70017,Dodampe,100,5,150
Doloswalakanda,70404,Doloswalakanda,100,5,150
Dumbara Manana,70495,Dumbara Manana,100,5,150
Eheliyagoda,70600,Eheliyagoda,100,5,150
Ekamutugama,70254,Ekamutugama,100,5,150
Elapatha,70032,Elapatha,100,5,150
Ellagawa,70492,Ellagawa,100,5,150
Ellaulla,70552,Ellaulla,100,5,150
Ellawala,70606,Ellawala,100,5,150
Embilipitiya,70200,Embilipitiya,100,5,150
Eratna,70506,Eratna,100,5,150
Erepola,70602,Erepola,100,5,150
Gabbela,70156,Gabbela,100,5,150
Gangeyaya,70195,Gangeyaya,100,5,150
Gawaragiriya,70026,Gawaragiriya,100,5,150
Gillimale,70002,Gillimale,100,5,150
Godakawela,70160,Godakawela,100,5,150
Gurubewilagama,70136,Gurubewilagama,100,5,150
Halwinna,70171,Halwinna,100,5,150
Handagiriya,70106,Handagiriya,100,5,150
Hatangala,70105,Hatangala,100,5,150
Hatarabage,70108,Hatarabage,100,5,150
Hewanakumbura,90358,Hewanakumbura,100,5,150
Hidellana,70012,Hidellana,100,5,150
Hiramadagama,70296,Hiramadagama,100,5,150
Horewelagoda,82456,Horewelagoda,100,5,150
Ittakanda,70342,Ittakanda,100,5,150
Kahangama,70016,Kahangama,100,5,150
Kahawatta,70150,Kahawatta,100,5,150
Kalawana,70450,Kalawana,100,5,150
Kaltota,70122,Kaltota,100,5,150
Kalubululanda,90352,Kalubululanda,100,5,150
Kananke Bazaar,80136,Kananke Bazaar,100,5,150
Kandepuhulpola,90356,Kandepuhulpola,100,5,150
Karandana,70488,Karandana,100,5,150
Karangoda,70018,Karangoda,100,5,150
Kella Junction,70352,Kella Junction,100,5,150
Keppetipola,90350,Keppetipola,100,5,150
Kiriella,70480,Kiriella,100,5,150
Kiriibbanwewa,70252,Kiriibbanwewa,100,5,150
Kolambage Ara,70180,Kolambage Ara,100,5,150
Kolombugama,70403,Kolombugama,100,5,150
Kolonna,70350,Kolonna,100,5,150
Kudawa,70005,Kudawa,100,5,150
Kuruwita,70500,Kuruwita,100,5,150
Lellopitiya,70056,Lellopitiya,100,5,150
Imaduwa,80130,Imaduwa,100,5,150
Imbulpe,70134,Imbulpe,100,5,150
Mahagama Colony,70256,Mahagama Colony,100,5,150
Mahawalatenna,70112,Mahawalatenna,100,5,150
Makandura,70298,Makandura,100,5,150
Malwala Junction,70001,Malwala Junction,100,5,150
Malwatta,32198,Malwatta,100,5,150
Matuwagalagama,70482,Matuwagalagama,100,5,150
Medagalature,70021,Medagalature,100,5,150
Meddekanda,70127,Meddekanda,100,5,150
Minipura Dumbara,70494,Minipura Dumbara,100,5,150
Mitipola,70604,Mitipola,100,5,150
Moragala Kirillapone,81532,Moragala Kirillapone,100,5,150
Morahela,70129,Morahela,100,5,150
Mulendiyawala,70212,Mulendiyawala,100,5,150
Mulgama,70117,Mulgama,100,5,150
Nawalakanda,70469,Nawalakanda,100,5,150
Nawinnapinnakanda,70165,Nawinnapinnakanda,100,5,150
Niralagama,70038,Niralagama,100,5,150
Nivitigala,70400,Nivitigala,100,5,150
Omalpe,70215,Omalpe,100,5,150
Opanayaka,70080,Opanayaka,100,5,150
Padalangala,70230,Padalangala,100,5,150
Pallebedda,70170,Pallebedda,100,5,150
Pallekanda,82454,Pallekanda,100,5,150
Pambagolla,70133,Pambagolla,100,5,150
Panamura,70218,Panamura,100,5,150
Panapola,70461,Panapola,100,5,150
Paragala,81474,Paragala,100,5,150
Parakaduwa,70550,Parakaduwa,100,5,150
Pebotuwa,70045,Pebotuwa,100,5,150
Pelmadulla,70070,Pelmadulla,100,5,150
Pinnawala,70130,Pinnawala,100,5,150
Pothdeniya,81538,Pothdeniya,100,5,150
Rajawaka,70116,Rajawaka,100,5,150
Ranwala,70162,Ranwala,100,5,150
Rassagala,70135,Rassagala,100,5,150
Rathgama,80260,Rathgama,100,5,150
Ratna Hangamuwa,70036,Ratna Hangamuwa,100,5,150
Ratnapura,70000,Ratnapura,100,5,150
Sewanagala,70250,Sewanagala,100,5,150
Sri Palabaddala,70004,Sri Palabaddala,100,5,150
Sudagala,70502,Sudagala,100,5,150
Thalakolahinna,70101,Thalakolahinna,100,5,150
Thanjantenna,70118,Thanjantenna,100,5,150
Theppanawa,70512,Theppanawa,100,5,150
Thunkama,70205,Thunkama,100,5,150
Udakarawita,70044,Udakarawita,100,5,150
Udaniriella,70034,Udaniriella,100,5,150
Udawalawe,70190,Udawalawe,100,5,150
Ullinduwawa,70345,Ullinduwawa,100,5,150
Veddagala,70459,Veddagala,100,5,150
Vijeriya,70348,Vijeriya,100,5,150
Waleboda,70138,Waleboda,100,5,150
Watapotha,70408,Watapotha,100,5,150
Waturawa,70456,Waturawa,100,5,150
Weligepola,70104,Weligepola,100,5,150
Welipathayaya,70124,Welipathayaya,100,5,150
Wikiliya,70114,Wikiliya,100,5,150
Agbopura,31304,Agbopura,100,5,150
Buckmigama,31028,Buckmigama,100,5,150
China Bay,31050,China Bay,100,5,150
Dehiwatte,31226,Dehiwatte,100,5,150
Echchilampattai,31236,Echchilampattai,100,5,150
Galmetiyawa,31318,Galmetiyawa,100,5,150
Gomarankadawala,31026,Gomarankadawala,100,5,150
Kaddaiparichchan,31212,Kaddaiparichchan,100,5,150
Kallar,30250,Kallar,100,5,150
Kanniya,31032,Kanniya,100,5,150
Kantalai,31300,Kantalai,100,5,150
Kantalai Sugar Factory,31306,Kantalai Sugar Factory,100,5,150
Kiliveddy,31220,Kiliveddy,100,5,150
Kinniya,31100,Kinniya,100,5,150
Kuchchaveli,31014,Kuchchaveli,100,5,150
Kumburupiddy,31012,Kumburupiddy,100,5,150
Kurinchakerny,31112,Kurinchakerny,100,5,150
Lankapatuna,31234,Lankapatuna,100,5,150
Mahadivulwewa,31036,Mahadivulwewa,100,5,150
Maharugiramam,31106,Maharugiramam,100,5,150
Mallikativu,31224,Mallikativu,100,5,150
Mawadichenai,31238,Mawadichenai,100,5,150
Mullipothana,31312,Mullipothana,100,5,150
Mutur,31200,Mutur,100,5,150
Neelapola,31228,Neelapola,100,5,150
Nilaveli,31010,Nilaveli,100,5,150
Pankulam,31034,Pankulam,100,5,150
Pulmoddai,50567,Pulmoddai,100,5,150
Rottawewa,31038,Rottawewa,100,5,150
Sampaltivu,31006,Sampaltivu,100,5,150
Sampoor,31216,Sampoor,100,5,150
Serunuwara,31232,Serunuwara,100,5,150
Seruwila,31260,Seruwila,100,5,150
Sirajnagar,31314,Sirajnagar,100,5,150
Somapura,31222,Somapura,100,5,150
Tampalakamam,31046,Tampalakamam,100,5,150
Thuraineelavanai,30254,Thuraineelavanai,100,5,150
Tiriyayi,31016,Tiriyayi,100,5,150
Toppur,31250,Toppur,100,5,150
Trincomalee,31000,Trincomalee,100,5,150
Wanela,31308,Wanela,100,5,150
Vavuniya,43000,Vavuniya,100,5,150
Colombo 1,100,Colombo 1,100,5,150
Colombo 3,300,Colombo 3,100,5,150
Colombo 4,400,Colombo 4,100,5,150
Colombo 5,500,Colombo 5,100,5,150
Colombo 7,700,Colombo 7,100,5,150
Colombo 9,900,Colombo 9,100,5,150
Colombo 10,1000,Colombo 10,100,5,150
Colombo 11,1100,Colombo 11,100,5,150
Colombo 12,1200,Colombo 12,100,5,150
Colombo 14,1400,Colombo 14,100,5,150
Colombo Secretariant,110,Colombo Secretariant,100,5,150
Melle Street,276,Melle Street,100,5,150
Rifel Street,279,Rifel Street,100,5,150
Gem & Jewelry,370,Gem & Jewelry,100,5,150
Torington Square,376,Torington Square,100,5,150
National Museum of Colombo,377,National Museum of Colombo,100,5,150
Colombo Labour Sec,510,Colombo Labour Sec,100,5,150
Polhengoda,576,Polhengoda,100,5,150
Anderson Plats,577,Anderson Plats,100,5,150
Keppetipola Mawatha,579,Keppetipola Mawatha,100,5,150
Narahenpita,582,Narahenpita,100,5,150
Kirulapana,677,Kirulapana,100,5,150
University of Colombo,710,University of Colombo,100,5,150
Colombo General Hospital,779,Colombo General Hospital,100,5,150
Gothami Road,876,Gothami Road,100,5,150
Wanathamulla,877,Wanathamulla,100,5,150
Baseline Road,878,Baseline Road,100,5,150
Kopiyawatta,879,Kopiyawatta,100,5,150
Maligawatta,1070,Maligawatta,100,5,150
Panchikawatte,1078,Panchikawatte,100,5,150
Sarasavipaya,1079,Sarasavipaya,100,5,150
Maligakanda,1081,Maligakanda,100,5,150
Wolfendal Street,1178,Wolfendal Street,100,5,150
Pettah Bus Stand,1179,Pettah Bus Stand,100,5,150
Colombo Kachcheri,1181,Colombo Kachcheri,100,5,150
Armour Street,1182,Armour Street,100,5,150
St. Anthony's,1183,St. Anthony's,100,5,150
Miraniya Street,1276,Miraniya Street,100,5,150
Wasala Road,1377,Wasala Road,100,5,150
Nagalagam Street,1476,Nagalagam Street,100,5,150
Aluth Mawatha Road,1478,Aluth Mawatha Road,100,5,150
Mutwal South,1479,Mutwal South,100,5,150
Beddagana,10101,Beddagana,100,5,150
Madiwela,10102,Madiwela,100,5,150
Sri Perakumpura,10103,Sri Perakumpura,100,5,150
Mirihana North,10104,Mirihana North,100,5,150
Nawala-Koswatte,10105,Nawala-Koswatte,100,5,150
Nawala,10106,Nawala,100,5,150
Rajagiriya,10107,Rajagiriya,100,5,150
Parliament of Sri Lanka,10110,Parliament of Sri Lanka,100,5,150
Obeysekarapura,10111,Obeysekarapura,100,5,150
Kalapaluwawa,10112,Kalapaluwawa,100,5,150
Talangama North,10113,Talangama North,100,5,150
Talangama South,10114,Talangama South,100,5,150
Jayawardhenegama,10117,Jayawardhenegama,100,5,150
Isurupaya,10130,Isurupaya,100,5,150
Sethsiripaya,10140,Sethsiripaya,100,5,150
Malabe,10155,Malabe,100,5,150
Oruwala,10201,Oruwala,100,5,150
Panagoda Army Camp,10203,Panagoda Army Camp,100,5,150
Magammana-Dolekade,10207,Magammana-Dolekade,100,5,150
Homagama Town,10209,Homagama Town,100,5,150
Godagama Junction,10211,Godagama Junction,100,5,150
Panagoda,10213,Panagoda,100,5,150
Galawilawaththa,10217,Galawilawaththa,100,5,150
Kottawa,10220,Kottawa,100,5,150
Pelenwatta,10231,Pelenwatta,100,5,150
Arawwala West,10233,Arawwala West,100,5,150
Kottawa North,10235,Kottawa North,100,5,150
Rukmale-Pannipitiya,10237,Rukmale-Pannipitiya,100,5,150
Malapalla,10239,Malapalla,100,5,150
Mattegoda,10240,Mattegoda,100,5,150
Mirihana,10251,Mirihana,100,5,150
Udahamulla,10252,Udahamulla,100,5,150
Kohuwala,10255,Kohuwala,100,5,150
Pamunuwa-Patiragoda,10281,Pamunuwa-Patiragoda,100,5,150
Sudanapura,10282,Sudanapura,100,5,150
Nawinna,10283,Nawinna,100,5,150
Vidyodaya University,10284,Vidyodaya University,100,5,150
Pepiliyana,10291,Pepiliyana,100,5,150
Katuwawala,10292,Katuwawala,100,5,150
Suwarapola,10301,Suwarapola,100,5,150
Gorakapitiya,10303,Gorakapitiya,100,5,150
Makandana,10305,Makandana,100,5,150
Kesbewa,10307,Kesbewa,100,5,150
Bokundara,10309,Bokundara,100,5,150
Kahathuduwa,10321,Kahathuduwa,100,5,150
Ratmalana North,10372,Ratmalana North,100,5,150
Sirimal Uyana,10373,Sirimal Uyana,100,5,150
Ratmalana,10390,Ratmalana,100,5,150
Koralawella,10401,Koralawella,100,5,150
Egodauyana North,10402,Egodauyana North,100,5,150
Egodauyana South,10403,Egodauyana South,100,5,150
Indibedda,10404,Indibedda,100,5,150
Moratumulla,10405,Moratumulla,100,5,150
Rawathawatta,10406,Rawathawatta,100,5,150
Willorawatta,10407,Willorawatta,100,5,150
Lunawa,10408,Lunawa,100,5,150
Laksapatiya,10409,Laksapatiya,100,5,150
Angulana,10411,Angulana,100,5,150
Kaldemulla,10413,Kaldemulla,100,5,150
Katubedda,10414,Katubedda,100,5,150
Liyanwala,10501,Liyanwala,100,5,150
Poregedara,10503,Poregedara,100,5,150
Dampe,10505,Dampe,100,5,150
Malagala,10507,Malagala,100,5,150
Meepe Junction,10509,Meepe Junction,100,5,150
Pinnawala-Waga,10515,Pinnawala-Waga,100,5,150
Angampitiya,10517,Angampitiya,100,5,150
Arukwathupura,10519,Arukwathupura,100,5,150
Kandanapitiya,10523,Kandanapitiya,100,5,150
Gurulana,10527,Gurulana,100,5,150
Udugamkanda,10529,Udugamkanda,100,5,150
Wattala,11300,Wattala,100,5,150
Bulnewa,50172,Bulnewa,100,5,150
Kebithigollewa,50550,Kebithigollewa,100,5,150
Madipola,21156,Madipola,100,5,150
Karatota,81308,Karatota,100,5,150
Gangulandeniya,82506,Gangulandeniya,100,5,150
Idalgashinna,90167,Idalgashinna,100,5,150
Allaipiddi,40048,Allaipiddi,100,5,150
Allaveddi,40120,Allaveddi,100,5,150
Alvai,40635,Alvai,100,5,150
Anaikoddai,40198,Anaikoddai,100,5,150
Analaitivu,40280,Analaitivu,100,5,150
Araly,40221,Araly,100,5,150
Atchuveli,40150,Atchuveli,100,5,150
Chankanai,40212,Chankanai,100,5,150
Chavakachcheri,40500,Chavakachcheri,100,5,150
Chullipuram,40230,Chullipuram,100,5,150
Chundikuli,40020,Chundikuli,100,5,150
Chunnakam,40075,Chunnakam,100,5,150
Delft West,40378,Delft West,100,5,150
Delft,40370,Delft,100,5,150
Eluvaitivu,40275,Eluvaitivu,100,5,150
Erialai,40080,Erialai,100,5,150
Ilavalai,40108,Ilavalai,100,5,150
Kankesanthurai,40190,Kankesanthurai,100,5,150
Karainagar,40250,Karainagar,100,5,150
Karaveddi,40520,Karaveddi,100,5,150
Kayts,40270,Kayts,100,5,150
Kodikamam,40700,Kodikamam,100,5,150
Kokuvil,40060,Kokuvil,100,5,150
Kondavil,40062,Kondavil,100,5,150
Kopay,40170,Kopay,100,5,150
Kudatanai,40620,Kudatanai,100,5,150
Mallakam,40142,Mallakam,100,5,150
Mandaitivu,40045,Mandaitivu,100,5,150
Manipay,40200,Manipay,100,5,150
Mathagal,40110,Mathagal,100,5,150
Meesalai,40510,Meesalai,100,5,150
Mahiyampathy,NULL,Mahiyampathy,100,5,150
Mirusuvil,40750,Mirusuvil,100,5,150
Nagarkovil,40630,Nagarkovil,100,5,150
Nagendramadam,40223,Nagendramadam,100,5,150
Nainathivu,40360,Nainathivu,100,5,150
Neervely,40165,Neervely,100,5,150
Pandaterippu,40100,Pandaterippu,100,5,150
Point Pedro,40600,Point Pedro,100,5,150
Puloly,40615,Puloly,100,5,150
Pungudutivu,40330,Pungudutivu,100,5,150
Puttur,40158,Puttur,100,5,150
Sandilipay,40098,Sandilipay,100,5,150
Sangarathai,40225,Sangarathai,100,5,150
Sithankerny,40229,Sithankerny,100,5,150
Sivankovilady,40227,Sivankovilady,100,5,150
Thellippallai,40130,Thellippallai,100,5,150
Thondamanaru,40545,Thondamanaru,100,5,150
Urumpirai,40180,Urumpirai,100,5,150
Vaddukoddai,40220,Vaddukoddai,100,5,150
Valvettithurai,40540,Valvettithurai,100,5,150
Varany,40640,Varany,100,5,150
Vasavilan,40145,Vasavilan,100,5,150
Velanai,40300,Velanai,100,5,150
Gurunagar,NULL,Gurunagar,100,5,150
Kaitadi,NULL,Kaitadi,100,5,150
Nallur,NULL,Nallur,100,5,150
Thirunelvely,NULL,Thirunelvely,100,5,150
Vannarponnai,NULL,Vannarponnai,100,5,150
Akkarayankulam,42640,Akkarayankulam,100,5,150
Aliyawalai,42565,Aliyawalai,100,5,150
Chempiyanpattu,42560,Chempiyanpattu,100,5,150
Elephant Pass,42510,Elephant Pass,100,5,150
Eluthumadduval,42580,Eluthumadduval,100,5,150
Iranaitiv,42630,Iranaitiv,100,5,150
Iyyakachchi,42520,Iyyakachchi,100,5,150
Kavutharimunai,42608,Kavutharimunai,100,5,150
Konavil,42645,Konavil,100,5,150
Mulliyan,42570,Mulliyan,100,5,150
Murasumoddai,42505,Murasumoddai,100,5,150
Pallavarayankaddu,42615,Pallavarayankaddu,100,5,150
Paranthan,42500,Paranthan,100,5,150
Puliyampokkanai,42509,Puliyampokkanai,100,5,150
Punakari-Nallur,42606,Punakari-Nallur,100,5,150
Ramanathapuram,42408,Ramanathapuram,100,5,150
Sivapuram,42618,Sivapuram,100,5,150
Skanthapuram,42638,Skanthapuram,100,5,150
Thalaiyadi,42563,Thalaiyadi,100,5,150
Tharmapuram,42512,Tharmapuram,100,5,150
Uruthirapuram,42502,Uruthirapuram,100,5,150
Vaddakachchi,42405,Vaddakachchi,100,5,150
Vannerikkulam,42635,Vannerikkulam,100,5,150
Veravil,42620,Veravil,100,5,150
Vinayagapuram,42625,Vinayagapuram,100,5,150
Ambalnagar,NULL,Ambalnagar,100,5,150
Cheddiyakurichchi,NULL,Cheddiyakurichchi,100,5,150
Chundikulam,NULL,Chundikulam,100,5,150
Kalmadunagar,NULL,Kalmadunagar,100,5,150
Karadipokku,NULL,Karadipokku,100,5,150
Kilay,NULL,Kilay,100,5,150
Kunchuparanthan,NULL,Kunchuparanthan,100,5,150
Muhamalai,NULL,Muhamalai,100,5,150
Pallai,42550,Pallai,100,5,150
Sivanagar,NULL,Sivanagar,100,5,150
Soranpattu,NULL,Soranpattu,100,5,150
Thirunagar,NULL,Thirunagar,100,5,150
Thiruvaiaru,NULL,Thiruvaiaru,100,5,150
Alampil,42005,Alampil,100,5,150
Karuppaddamurippu,42220,Karuppaddamurippu,100,5,150
Mankulam,42300,Mankulam,100,5,150
Mullivaikkal,42540,Mullivaikkal,100,5,150
Mulliyawalai,42100,Mulliyawalai,100,5,150
Muththaiyankaddukulam,42210,Muththaiyankaddukulam,100,5,150
Naddankandal,42308,Naddankandal,100,5,150
Oddusudan,42200,Oddusudan,100,5,150
Puthukkudiyiruppu,42530,Puthukkudiyiruppu,100,5,150
Puthuvedduvan,42330,Puthuvedduvan,100,5,150
Thunukkai,42320,Thunukkai,100,5,150
Udayarkaddu,42518,Udayarkaddu,100,5,150
Vavunakkulam,42305,Vavunakkulam,100,5,150
Visvamadukulam,42515,Visvamadukulam,100,5,150
Yogapuram,42315,Yogapuram,100,5,150
Ampalavanpokkanai,NULL,Ampalavanpokkanai,100,5,150
Ananthapuram,NULL,Ananthapuram,100,5,150
Ethawetunuwewa,50584,Ethawetunuwewa,100,5,150
Kokkilai,NULL,Kokkilai,100,5,150
Kokkuthuoduvai,NULL,Kokkuthuoduvai,100,5,150
Kumulamunai,NULL,Kumulamunai,100,5,150
Mullathivu,42000,Mullathivu,100,5,150
Murukandy,NULL,Murukandy,100,5,150
Welioya,50586,Welioya,100,5,150
Nedunkerny,42250,Nedunkerny,100,5,150
Neriyakulam,43300,Neriyakulam,100,5,150
Alagalla,NULL,Alagalla,100,5,150
Andiyapuliyankulam,NULL,Andiyapuliyankulam,100,5,150
Asikulam,NULL,Asikulam,100,5,150
Cheddikulam,NULL,Cheddikulam,100,5,150
Chemamadukulam,NULL,Chemamadukulam,100,5,150
Iranai lluppaikulam,NULL,Iranai lluppaikulam,100,5,150
Kalmadhu,NULL,Kalmadhu,100,5,150
Iratta Periyakulama,NULL,Iratta Periyakulama,100,5,150
Kanagarayankulam,NULL,Kanagarayankulam,100,5,150
Kannaddi,NULL,Kannaddi,100,5,150
Kela Bogaswewa,NULL,Kela Bogaswewa,100,5,150
Kovilkulam,NULL,Kovilkulam,100,5,150
Madukanda,NULL,Madukanda,100,5,150
Mahakachchakodiya,NULL,Mahakachchakodiya,100,5,150
Mamaduwa,NULL,Mamaduwa,100,5,150
Maradammaduwa,NULL,Maradammaduwa,100,5,150
Maraiyadithakulam,NULL,Maraiyadithakulam,100,5,150
Maruthodai,NULL,Maruthodai,100,5,150
Mathavuvaithakulam,NULL,Mathavuvaithakulam,100,5,150
Nainamadu,NULL,Nainamadu,100,5,150
Nelukkulam,NULL,Nelukkulam,100,5,150
Nochchimoddai,NULL,Nochchimoddai,100,5,150
Omanthai,NULL,Omanthai,100,5,150
Palamoddai,NULL,Palamoddai,100,5,150
Pampaimadu,NULL,Pampaimadu,100,5,150
Pavakkulama Unit 1,NULL,Pavakkulama Unit 1,100,5,150
Pavakkulama Unit 2,NULL,Pavakkulama Unit 2,100,5,150
Periyathambanai,NULL,Periyathambanai,100,5,150
Periya Ulukkulama,NULL,Periya Ulukkulama,100,5,150
Poovarasankulam,NULL,Poovarasankulam,100,5,150
Puliyankulam,NULL,Puliyankulam,100,5,150
Sathirikulankulam,NULL,Sathirikulankulam,100,5,150
Sinnasippikulam,NULL,Sinnasippikulam,100,5,150
Thandikulam,NULL,Thandikulam,100,5,150
Vaarikkuttiyoor,NULL,Vaarikkuttiyoor,100,5,150
Aandankulam,NULL,Aandankulam,100,5,150
Adampan,NULL,Adampan,100,5,150
Arippu,NULL,Arippu,100,5,150
Athimottai,NULL,Athimottai,100,5,150
Chilavathurai,NULL,Chilavathurai,100,5,150
Erukkalampiddy,NULL,Erukkalampiddy,100,5,150
Illuppaikadavai,NULL,Illuppaikadavai,100,5,150
Karisal,NULL,Karisal,100,5,150
Kokkupadayan,NULL,Kokkupadayan,100,5,150
Madhu Church,NULL,Madhu Church,100,5,150
Madhu Road,NULL,Madhu Road,100,5,150
Marichchikaddi,NULL,Marichchikaddi,100,5,150
Mullikulam,NULL,Mullikulam,100,5,150
Murunkan,NULL,Murunkan,100,5,150
Nanattan,NULL,Nanattan,100,5,150
Palampiddy,NULL,Palampiddy,100,5,150
Pallimunai,NULL,Pallimunai,100,5,150
Pandaraveli,NULL,Pandaraveli,100,5,150
Pappamoddai,NULL,Pappamoddai,100,5,150
Parappankandal,NULL,Parappankandal,100,5,150
Parappukadanthan,NULL,Parappukadanthan,100,5,150
Periyakunchikulam,NULL,Periyakunchikulam,100,5,150
Periyamadhu,NULL,Periyamadhu,100,5,150
Periyapandivirichchan,NULL,Periyapandivirichchan,100,5,150
Pesalai,NULL,Pesalai,100,5,150
Potkerny,NULL,Potkerny,100,5,150
Puthuveli,NULL,Puthuveli,100,5,150
Sooriyakaddaikadhu,NULL,Sooriyakaddaikadhu,100,5,150
Thalaimannar,NULL,Thalaimannar,100,5,150
Thalaimannar Pier,NULL,Thalaimannar Pier,100,5,150
Thalaimannar West,NULL,Thalaimannar West,100,5,150
Thalvupadu,NULL,Thalvupadu,100,5,150
Tharapuram,NULL,Tharapuram,100,5,150
Thiruketheeswaram,NULL,Thiruketheeswaram,100,5,150
Uyilankulam,NULL,Uyilankulam,100,5,150
Uyirtharasankulam,NULL,Uyirtharasankulam,100,5,150
Vaddakandal,NULL,Vaddakandal,100,5,150
Vankalai,NULL,Vankalai,100,5,150
Vellankulam,NULL,Vellankulam,100,5,150
Veppankulam,NULL,Veppankulam,100,5,150
Vidataltivu,NULL,Vidataltivu,100,5,150
Mabola,11104,Mabola,100,5,150
